code,driveImageUrl
BG/MN/10161,https://drive.google.com/file/d/1YWm2HmvlU0v8AjniB0uUfrqi8FxZqaUC/view?usp=drivesdk
BG/MN/3095,https://drive.google.com/file/d/18jro3ENxLOPm1O9rhw0zjh-aemERThoh/view?usp=drivesdk
BG/MN/3251,https://drive.google.com/file/d/1K-nqj0pJ71cT2G90f1mI0iXXuTn7m8nx/view?usp=drivesdk
BG/MN/3252,https://drive.google.com/file/d/1s6MFht-t5kq8wa9doUWvK6O9sW0kBUQB/view?usp=drivesdk
BG/MN/3253,https://drive.google.com/file/d/1nnUVqSiVhSCW85dE3yA5eFgyjeI8bO_Z/view?usp=drivesdk
BG/MN/3254,https://drive.google.com/file/d/1-v7dEzVDwy_6AWbQCV8ifmqG7SkszW3q/view?usp=drivesdk
BG/MN/3255,https://drive.google.com/file/d/1gOe6ewCTBShOBkokI0mPR560WytrNm3k/view?usp=drivesdk
BG/MN/3256,https://drive.google.com/file/d/1RGxT9DKKzIhuPx8Lccd1w8mR6ESP4ngp/view?usp=drivesdk
BG/MN/3257,https://drive.google.com/file/d/1w6K8-eSk5QXoQk6ms-fJbxh6m_240oxZ/view?usp=drivesdk
BG/MN/3258,https://drive.google.com/file/d/1Nlg0ib7CBJbCbVpj1bpLG2IO5CaU6wyS/view?usp=drivesdk
BG/MN/3259,https://drive.google.com/file/d/1lCiReszPxQrffIGIOIIMUACTuneMomBA/view?usp=drivesdk
BG/MN/3260,https://drive.google.com/file/d/1OkISwFRP11udYqqH2r20GypJw74b5XCP/view?usp=drivesdk
BG/MN/3261,https://drive.google.com/file/d/1T4JGnrKQuVr-UR_MssSOrOq4kd6ICtiX/view?usp=drivesdk
BG/MN/3262,https://drive.google.com/file/d/1B9dKYgvZAj_pVZrGsHVoOqUtEO7j8fwY/view?usp=drivesdk
BG/MN/3263,https://drive.google.com/file/d/1UZLbTLjT8UWm9M9jN_5fTI_r-Y7v8QmT/view?usp=drivesdk
BG/MN/3264,https://drive.google.com/file/d/1-JwWY0PaRXdcfvngvJsMhCEqRi5zdhg9/view?usp=drivesdk
BG/MN/3265,https://drive.google.com/file/d/1Fra81hvwEaewJBpDMfHaukWehSw0bwVR/view?usp=drivesdk
BG/MN/3266,https://drive.google.com/file/d/1zD9h0Z381G_zLsSSWtpxfIsbmR-Jn2G7/view?usp=drivesdk
BG/MN/3267,https://drive.google.com/file/d/1RFHiA2sjIYAxCK6H_h4W2rXu8orHFFKl/view?usp=drivesdk
BG/MN/3268,https://drive.google.com/file/d/1a4eIKJbaXS93QKI6OO8fSbIK9Eh_9Ajj/view?usp=drivesdk
BG/MN/3269,https://drive.google.com/file/d/1sDoXGSVK_fnFKpxmUL_YWT36HkXAF0Mm/view?usp=drivesdk
BG/MN/3270,https://drive.google.com/file/d/1VxGkWj1f9oW7oaSmqnHluvYeU8q44h_m/view?usp=drivesdk
BG/MN/3271,https://drive.google.com/file/d/11_GxDkbgwq310qdhCuk0vt6KVxXpQN5c/view?usp=drivesdk
BG/MN/3272,https://drive.google.com/file/d/1ET-vhHKTPW28EDXeCdNWYmoaaCbFI4h8/view?usp=drivesdk
BG/MN/3273,https://drive.google.com/file/d/17iKai_LDuxLcc_NOTUiXlpdZY2JTqhiT/view?usp=drivesdk
BG/MN/3274,https://drive.google.com/file/d/1Da7ae7fEOJlJbQge0YRGovXd5cSXO2Vc/view?usp=drivesdk
BG/MN/3275,https://drive.google.com/file/d/1d0qvBA6oYsqGzTLSoPK8HYa-zm38n4LP/view?usp=drivesdk
BG/MN/3276,https://drive.google.com/file/d/1cO0vTuJUBZr9-nKPvwkVW8aJsCT1kIDW/view?usp=drivesdk
BG/MN/3277,https://drive.google.com/file/d/1q3INNGJb1Y70nc3fL_r3D1MhByGGeg3Y/view?usp=drivesdk
BG/MN/3278,https://drive.google.com/file/d/1r79gL_AkgKlwrhbrVRsc5ywmwi4-yejI/view?usp=drivesdk
BG/MN/3279,https://drive.google.com/file/d/1pXdK3L1WUVS8f_4WsQbEv4NtuEuZtfdg/view?usp=drivesdk
BG/MN/3280,https://drive.google.com/file/d/1hpQ0AqLZjhe-zHF4xOkq77oE2UcTID60/view?usp=drivesdk
BG/MN/3281,https://drive.google.com/file/d/1UTEfypq7pAIim3uNLnjqY0SqC9kbNlPm/view?usp=drivesdk
BG/MN/3282,https://drive.google.com/file/d/1gBORpxCcDFihd5DPPuOJjweQGCICQfSD/view?usp=drivesdk
BG/MN/3283,https://drive.google.com/file/d/16ko1KoW65sf8iTvy5dY4nq1SZM_HIZpC/view?usp=drivesdk
BG/MN/3284,https://drive.google.com/file/d/1s8mNcLCohZu4TFoN5OKb9UtJC9px5aKm/view?usp=drivesdk
BG/MN/3285,https://drive.google.com/file/d/1Fs7ijDCMfVO9PrwJwfdxOhLVqC2p1IOv/view?usp=drivesdk
BG/MN/3286,https://drive.google.com/file/d/1gDaYTubpWVzaQ33uJzljU4uUjn1zk-68/view?usp=drivesdk
BG/MN/3287,https://drive.google.com/file/d/17KUIoswv1dtPsxlVRY-4cnLZLJe2PF4O/view?usp=drivesdk
BG/MN/3288,https://drive.google.com/file/d/1d7rlqJkssCbg0dYQ2JyZ3Qa6pKhOupG5/view?usp=drivesdk
BG/MN/3289,https://drive.google.com/file/d/1iy7Zsb8PjZksDoFQBuNWEeiDxz2WB2yv/view?usp=drivesdk
BG/MN/3290,https://drive.google.com/file/d/1FM_YcLD0i_cvG1-ch71LOViIPe26Waey/view?usp=drivesdk
BG/MN/3291,https://drive.google.com/file/d/12QBk9vlGC3uWyzx_yLUtarSmJhquI7yf/view?usp=drivesdk
BG/MN/3292,https://drive.google.com/file/d/1zQxi2qsw9v9igHRF0q1JnRjkCsymkxeY/view?usp=drivesdk
BG/MN/3293,https://drive.google.com/file/d/12R9lQo0B5qwqo7E4nuFO4sz9gXd-eCex/view?usp=drivesdk
BG/MN/3294,https://drive.google.com/file/d/1K3FOxBDYuNCnJ6yuUNiviRNKgu3yz2nh/view?usp=drivesdk
BG/MN/3295,https://drive.google.com/file/d/1G_pTNwT015n26tr9Nei8XVfOKKaVB8nE/view?usp=drivesdk
BG/MN/3296,https://drive.google.com/file/d/1WwQXUp9k0GbqNIKm9qM81mSj9vp0RXbx/view?usp=drivesdk
BG/MN/3297,https://drive.google.com/file/d/1nHPHYbrnVDd2wlpTjT-Ebv8iVnePLhz0/view?usp=drivesdk
BG/MN/3298,https://drive.google.com/file/d/1mrEf1Xw9uZ1ksHxsjlfhAdAqnqiWbSVI/view?usp=drivesdk
BG/MN/3299,https://drive.google.com/file/d/1_Qk2BPRZ8_cw7yzn48f9wLLgLq77V9eR/view?usp=drivesdk
BG/MN/3300,https://drive.google.com/file/d/1ij83ompDY8nRScUQ3nCSBG2O4FPWYwi9/view?usp=drivesdk
BG/MN/3301,https://drive.google.com/file/d/191V-MXjvglRczv3v4z4qPlIyV0LgJhE0/view?usp=drivesdk
BG/MN/3302,https://drive.google.com/file/d/1WADqkCdKH9jHf0X7R_yFSBTGJxBKthKG/view?usp=drivesdk
BG/T/19891,https://drive.google.com/file/d/1uy1WW_IGGhe22w9IOikufa3o534L-aKh/view?usp=drivesdk
BG/T/19894,https://drive.google.com/file/d/1P1n8XatX0WD4Wy7bxrfWWoY5Yw0xnGCc/view?usp=drivesdk
BG/T/19973,https://drive.google.com/file/d/1KMSIX0G1LI26NLUJ9u8gXEWv7B9YjPZx/view?usp=drivesdk
BG/T/19974,https://drive.google.com/file/d/1AZ_y8s33oGHqcvwxQ6Yt594zyFWVLmWS/view?usp=drivesdk
BG/T/20084,https://drive.google.com/file/d/1-rESVMZsfErqaFvqpHxclYALiqa-9eNM/view?usp=drivesdk
BG/T/21017,https://drive.google.com/file/d/1K9aL7sZHbrXBnpGqO9KvC8mPSKj_VXpb/view?usp=drivesdk
BG/T/21200,https://drive.google.com/file/d/1lI81263-dS1VWplA4v6LJjt5kHp2QAys/view?usp=drivesdk
BG/T/21684,https://drive.google.com/file/d/1pZzEv2Ceqg3QqMLoEw8GAvRWYHt0USYT/view?usp=drivesdk
BG/T/21891,https://drive.google.com/file/d/1BhwBj5OpdFPwvaI5CHdtJolzplN3W9E-/view?usp=drivesdk
BG/T/21942,https://drive.google.com/file/d/1KOZS9uRBpW2tUq7mOkUUcc874zqQc-TG/view?usp=drivesdk
BG/T/21943,https://drive.google.com/file/d/1-sLEatoDr9CRhVyWkgagk4nm4bLdtRkq/view?usp=drivesdk
BG/T/21945,https://drive.google.com/file/d/1gDXhP-Gsrp1RmhBfJrrD-lOOJq4TJLkd/view?usp=drivesdk
BG/T/21962,https://drive.google.com/file/d/1SZ71-bzU8wwqq4ew3C_LnZYM2IaCArO1/view?usp=drivesdk
BG/T/21967,https://drive.google.com/file/d/11YGFq6sf1-pKoKhRVwzb-jvzQFEJ278Z/view?usp=drivesdk
BG/T/21969,https://drive.google.com/file/d/13Zv7vZHnqquPYpeCp-99H_LeTjbViu4k/view?usp=drivesdk
BG/T/21971,https://drive.google.com/file/d/1lbUN9HCW3saOykuWr_2xdLS3EVHSm8H5/view?usp=drivesdk
BG/T/21972,https://drive.google.com/file/d/1Z_5WNrVEoXC1tM0eLU15yqWG3xPyuDjJ/view?usp=drivesdk
BG/T/21973,https://drive.google.com/file/d/1XZgLGyvDSHEaIp_UMocVAbyM3BkZ_KSo/view?usp=drivesdk
BG/T/21975,https://drive.google.com/file/d/1Brigv1OCn6HwcmT8lFwl-0gqnh05_mt8/view?usp=drivesdk
BG/T/21980,https://drive.google.com/file/d/1stPRbq6iwCtynryFBqU_RDh3xI9R-0MM/view?usp=drivesdk
BG/T/21981,https://drive.google.com/file/d/1Lp9iD19nq2yCeq1K_hZVkaVg9od6rthn/view?usp=drivesdk
BG/T/22020,https://drive.google.com/file/d/1PzKX6S1QpLI85qrlFwhAY5iQWj4rRaq4/view?usp=drivesdk
BG/T/22026,https://drive.google.com/file/d/1kuxoaNz9OZx9-tCPYjy0Atqt8eCkr3EX/view?usp=drivesdk
BG/T/22062,https://drive.google.com/file/d/1kYv2u0m-pdkmxZwN3ioZlY3Ks5OzqcPS/view?usp=drivesdk
BG/T/22091,https://drive.google.com/file/d/183E3RubJq40a6dnE8S1NznrWimMIWuls/view?usp=drivesdk
BG/T/22096,https://drive.google.com/file/d/1vQMwap54tWWV3RYqaQyXZpgVC5dyWw42/view?usp=drivesdk
BG/T/22101,https://drive.google.com/file/d/1d8_ZOnCmqOQTmFmcRQiOhuoJYeR9O86R/view?usp=drivesdk
BG/T/22107,https://drive.google.com/file/d/1Wo0HO3oYfYA3_sxFHnXg9YyeUePuwH81/view?usp=drivesdk
BG/T/22119,https://drive.google.com/file/d/1saTwnrwkXHaMi4olFUr4mwgL9u3xjmQS/view?usp=drivesdk
BG/T/22122,https://drive.google.com/file/d/1ur1jRlzc_j-IBCo4hLtE4mNW63_x5QZh/view?usp=drivesdk
BG/T/22126,https://drive.google.com/file/d/1Dxs3GJcZLZ7horMS-IBpe3qf4YPtGcS0/view?usp=drivesdk
BG/T/22127,https://drive.google.com/file/d/1RYzvmphwK3XPyriMDNtKJunGJ9pT1dcp/view?usp=drivesdk
BG/T/22129,https://drive.google.com/file/d/1E_OqNOezgKjNH3s8kU0AKtOvjeyHP3u8/view?usp=drivesdk
BG/T/22131,https://drive.google.com/file/d/1-D20uYLBQ6k7BeRSYv_7hdjtIlz0Szza/view?usp=drivesdk
BG/T/22134,https://drive.google.com/file/d/1ppfe0nESnXPA1_E6xqJn2KzhHIwWwxBw/view?usp=drivesdk
BG/T/22135,https://drive.google.com/file/d/1mocJvuPiqwSzva7MDoDDwceTv5zMQCCR/view?usp=drivesdk
BG/T/22136,https://drive.google.com/file/d/1GhWvytvsjYV0dpD1Vv4nwsK7GDoymQ0m/view?usp=drivesdk
BG/T/22137,https://drive.google.com/file/d/1MEjMWZAJ0WiRblojzf-vOouVzhKBu_0Q/view?usp=drivesdk
BG/T/22138,https://drive.google.com/file/d/1yl5V8cENwdQ9hIrCAdnV64wUG3MlxvQx/view?usp=drivesdk
BG/T/22139,https://drive.google.com/file/d/1TG_x26TsyrszUXnSxHru_BOBbolSBjlq/view?usp=drivesdk
BG/T/22140,https://drive.google.com/file/d/1BLQgQ0RMGDdUb0SKOJU01kjDe1yPkz1W/view?usp=drivesdk
BG/T/22141,https://drive.google.com/file/d/1iD1ehgLsV67rbQw8EZdSpZ5K-5EOSvor/view?usp=drivesdk
BG/T/22142,https://drive.google.com/file/d/1El998krTit1v7RvGnkWQhJvyD0Y8ynyE/view?usp=drivesdk
BG/T/22143,https://drive.google.com/file/d/18oggarhk59foE44f_pC0qQnnf6-crGEZ/view?usp=drivesdk
BG/T/22144,https://drive.google.com/file/d/1wgnvah1kfAB2NvNHC4Kc4PE14MC5ale2/view?usp=drivesdk
BG/T/22145,https://drive.google.com/file/d/10JSsnNRoEtw9ytpKQng_4ZDdj_3pUxHT/view?usp=drivesdk
BG/T/22146,https://drive.google.com/file/d/1dREs5DxtepuG5gijXW6aikZk4AMIVMcW/view?usp=drivesdk
BG/T/22147,https://drive.google.com/file/d/1B3-dsDVhkYC3MUImDn4dTYDp2ePUY8Bb/view?usp=drivesdk
BG/T/22148,https://drive.google.com/file/d/1qAD3deCXRvYK69Ktk56XHrzEgNN2o3il/view?usp=drivesdk
BG/T/22149,https://drive.google.com/file/d/1vtjvwFqCrRTf8CKXfR8HTk8iVIqsLW7y/view?usp=drivesdk
BG/T/22150,https://drive.google.com/file/d/1hJouAk8XugWDmh0GEC51QL1zkWmh5e_4/view?usp=drivesdk
BG/T/22151,https://drive.google.com/file/d/1DiiUc09KHS3Y25A_KPf1g9_ByK_O0BYY/view?usp=drivesdk
BG/T/22152,https://drive.google.com/file/d/1qcg6Qkem-3Xzdw-EsQb5ifZOBm0BN_fS/view?usp=drivesdk
BG/T/22153,https://drive.google.com/file/d/1VD4zYuWUmc8MEHNkR0e7s4Xo1JdKdsB1/view?usp=drivesdk
BG/T/22154,https://drive.google.com/file/d/17atYT3A_6AHW1b_er5A-Kns-hKCiq8cv/view?usp=drivesdk
BG/T/22155,https://drive.google.com/file/d/1ZgDt3yBU1OjEFet3oybwklQ8NzCGL_vc/view?usp=drivesdk
BG/T/22156,https://drive.google.com/file/d/1DqkeCtV5m4gjB7aSwsZlzYPv4oRHEMVE/view?usp=drivesdk
BG/T/22157,https://drive.google.com/file/d/1d4TnLZ6owEr0pEGRIdB0xfOlzNWRkGfb/view?usp=drivesdk
BG/T/22158,https://drive.google.com/file/d/19tYWbcKAb5OqmsRWXwx0wqIvvLOH1HMl/view?usp=drivesdk
BG/T/22159,https://drive.google.com/file/d/1b3jIrOwq562ASncAiGkrCEQDmMv8yhjD/view?usp=drivesdk
BG/T/22160,https://drive.google.com/file/d/1ll-Vmy30TZveU9yjPRshzRrrwadez1Cx/view?usp=drivesdk
BG/T/22161,https://drive.google.com/file/d/1tO-gk0IxBz22HH24vdAcEnFFMkUEPwXX/view?usp=drivesdk
BG/T/22162,https://drive.google.com/file/d/19sP7AGRi0r1EwSXp9-qeNTRrPvHBbp5s/view?usp=drivesdk
BG/T/22163,https://drive.google.com/file/d/1slgKIfd2_dts10kAjun567upYEjQ0Bht/view?usp=drivesdk
BG/T/22164,https://drive.google.com/file/d/12vDYpwgSKWnwaARZwkekQ-FfvJnWjxOo/view?usp=drivesdk
BG/T/22165,https://drive.google.com/file/d/1v27ZrjMIaIoUTX27FAPNu1j8uEX41aAo/view?usp=drivesdk
BG/T/22166,https://drive.google.com/file/d/1ktMuteyxiwchNeKG1HW5zP32uKUuqCVw/view?usp=drivesdk
BG/T/22167,https://drive.google.com/file/d/1VPATYNkzb2c7ZsIL6Kz7qMBkYDQhFnD-/view?usp=drivesdk
BG/T/22168,https://drive.google.com/file/d/1NCckj6ehAhQEsZa32aVnsyNpsLecojTi/view?usp=drivesdk
BG/T/22169,https://drive.google.com/file/d/1QxsOR4-XtxCbabBw73GzgW3X-_7evkJ3/view?usp=drivesdk
BG/T/22170,https://drive.google.com/file/d/1AEgdmELM8hwlfoA9jMcWqSgl4DgJR82o/view?usp=drivesdk
BG/T/22171,https://drive.google.com/file/d/1sH-4Vb17CHSTuuhkCK265mzy3a_Yvtv_/view?usp=drivesdk
BG/T/22172,https://drive.google.com/file/d/1BtqqxYnDPclRp2dDkl0BqTwGTxAOaBae/view?usp=drivesdk
BG/T/22173,https://drive.google.com/file/d/1DRUiJ8XQiiKiDVKYaX_VyvtLDQujBqd3/view?usp=drivesdk
BG/T/22174,https://drive.google.com/file/d/1Rue5dfLpk9NtkDKIGrVrKcrXrIqDFmAu/view?usp=drivesdk
BG/T/22175,https://drive.google.com/file/d/1dA6tXZBK4gi5KwGxlTOgb8Hi-SLlRXiL/view?usp=drivesdk
BG/T/22176,https://drive.google.com/file/d/1OkZ1t83zGJcIFuDSHWUKDc24ZmEXWKp_/view?usp=drivesdk
BG/T/22177,https://drive.google.com/file/d/1Bm7IAWYTaT8tBwxOP3Nu6BTi89YA7BQs/view?usp=drivesdk
BG/T/22178,https://drive.google.com/file/d/16K1ZRq-BDVpI2eHJpyqqboVrztISgRp9/view?usp=drivesdk
BG/T/22179,https://drive.google.com/file/d/1_3IdgH3hBUtbJojiZOeXX3u1v0X7yc1a/view?usp=drivesdk
BG/T/22180,https://drive.google.com/file/d/1gVDqlxPVj3SAqEGOGqrob9Ka31UaG2cz/view?usp=drivesdk
BG/T/22181,https://drive.google.com/file/d/1ARruiCSg2iDRUQ9XYZuqvSWvmHIxOHcb/view?usp=drivesdk
BG/T/22182,https://drive.google.com/file/d/1JG5OiuJ4L5817JZB5cMD6AdBgq83tVrr/view?usp=drivesdk
BG/T/22184,https://drive.google.com/file/d/1Ksi6XTeaPz17oq2Q1DJA2xKOaVrCZfjN/view?usp=drivesdk
BG/T/22185,https://drive.google.com/file/d/1J3KRTmwCNoytCI0eg2_QpYoO007h2BQA/view?usp=drivesdk
BG/T/22186,https://drive.google.com/file/d/1xxMGT7Gf2R8ojSXSjBXjxGkGvaghuq6o/view?usp=drivesdk
BG/T/22187,https://drive.google.com/file/d/1j6mR7URroNyh_H5cGpKcZ9gMxRvYkqXA/view?usp=drivesdk
BG/T/22188,https://drive.google.com/file/d/12wyn4-md89Bn2CQO48I5kJtDO0ZcjXcZ/view?usp=drivesdk
BG/T/22189,https://drive.google.com/file/d/16sa20EaKvJPOlmDzlF6A0PGq-RD9Yn6m/view?usp=drivesdk
BG/T/22190,https://drive.google.com/file/d/1q__ylzWpGbd-euD9cecDDeljzBnK05mr/view?usp=drivesdk
BG/T/22191,https://drive.google.com/file/d/1nZQX7gD0rcV_pMijuzQVj-ira7gV_Kbc/view?usp=drivesdk
BG/T/22192,https://drive.google.com/file/d/17sD7YmeL7BwqV_ZpjO25Wf8BOsI6u8Ga/view?usp=drivesdk
BG/T/22193,https://drive.google.com/file/d/1DX_8rw9395DOKnE88YNNDpTdK0tOPtP2/view?usp=drivesdk
BG/T/22194,https://drive.google.com/file/d/1RJCRgbbBtJI0AckREla3lY_pMvBcH8Rv/view?usp=drivesdk
BG/T/22195,https://drive.google.com/file/d/13BwgBGF_PPGAybGdMrqorGh_44hApy5k/view?usp=drivesdk
BG/T/22196,https://drive.google.com/file/d/10UIkP8Ott1vBhau2QnemPjwrTB6oXEag/view?usp=drivesdk
BG/T/22197,https://drive.google.com/file/d/1gi33eKdWB7OuliiizkxuVZRnOiDKvfcO/view?usp=drivesdk
BG/T/22198,https://drive.google.com/file/d/1gZkqDPH8McuD1wxqvIDO9GuwI5oUX5r7/view?usp=drivesdk
BG/T/22199,https://drive.google.com/file/d/1EpvqfTQ5WyBv1nXwWE3Drl-gaz0v_D7i/view?usp=drivesdk
BG/T/22200,https://drive.google.com/file/d/1Jv2lXApPljyQU4RBOM8_bLzak9bHC99L/view?usp=drivesdk
BG/T/22201,https://drive.google.com/file/d/1UuGitF666ZxvDtLm-Rj0HV6dBE_ZbGww/view?usp=drivesdk
BG/T/22202,https://drive.google.com/file/d/1mo_KXBahlfh0SfEFIkFsvUf9brPXoefu/view?usp=drivesdk
BG/T/22204,https://drive.google.com/file/d/11S33bjiXRict1JXYjr-dX-Ik6sf8-Whd/view?usp=drivesdk
BG/T/22205,https://drive.google.com/file/d/1RlRo5lK9AagKKcXD6Zj0-jB5MAPvKiJE/view?usp=drivesdk
BG/T/22206,https://drive.google.com/file/d/1rcWz9vjZ5db2BaTbk_iYUJ7-_TuR0LfK/view?usp=drivesdk
BG/T/22207,https://drive.google.com/file/d/18gJizTQ5xkiVs6g8ajkEovmbt03jFhu7/view?usp=drivesdk
BG/T/22208,https://drive.google.com/file/d/1QoBgj08iEjtEC91ec2l_5mwt7-eI2Uyp/view?usp=drivesdk
BG/T/22209,https://drive.google.com/file/d/1ov2sCH_WjvQen3h-3A2_J1rXSvSQKwap/view?usp=drivesdk
BG/T/22210,https://drive.google.com/file/d/16HweklVk4_OII4hwqcwBDfogk5EmBD3a/view?usp=drivesdk
BG/T/22211,https://drive.google.com/file/d/1p9RNluGOIKFz--i64QQ9wuEpapu42B7u/view?usp=drivesdk
BG/T/22212,https://drive.google.com/file/d/1zk2f5Jbv5suC5k3DAEaH67dOq5d-YzPw/view?usp=drivesdk
BG/T/22213,https://drive.google.com/file/d/13NqTr1q2KnkLgQXbJfnuKPsIE4uUgvz3/view?usp=drivesdk
BG/T/22214,https://drive.google.com/file/d/1xzqjMPlHtvagWtszS1dondszjRBKcOho/view?usp=drivesdk
BG/T/22215,https://drive.google.com/file/d/1Jx00ePDnssHfyiR-yXgr-UxLP3gOZuvW/view?usp=drivesdk
BG/T/22216,https://drive.google.com/file/d/14Piipc6cFOSB998WvC9nlYW8QRAs2e8W/view?usp=drivesdk
BG/T/22217,https://drive.google.com/file/d/1m1yAy-18ZQR1TYSXFMMK2nsNKlF5ljmW/view?usp=drivesdk
BG/T/22218,https://drive.google.com/file/d/1c5vEarLOpoA8RM7rC5cEmzZ6CWsJCPcB/view?usp=drivesdk
BG/T/22219,https://drive.google.com/file/d/1Qh-wlW91ZR5WvnB7UmavbXW3tEeHqi7h/view?usp=drivesdk
BG/T/22220,https://drive.google.com/file/d/1tm7lOWEA_CNSTITEDiF6CHzHB-FPuxHq/view?usp=drivesdk
BG/T/22221,https://drive.google.com/file/d/1OffK1WufDVViZGPRJFk745Esq0lXhGb6/view?usp=drivesdk
BG/T/22222,https://drive.google.com/file/d/1XKi0s-syrt3sEh2OYCxGBZQav2KNGVmd/view?usp=drivesdk
BG/T/22223,https://drive.google.com/file/d/10Hp2o5WVTqrQjizATZuXGcmgZNLOZCSD/view?usp=drivesdk
BG/T/22224,https://drive.google.com/file/d/1B7Pp98gAXutQtmcBsiGpo_hUMx2xPj2j/view?usp=drivesdk
BG/T/22225,https://drive.google.com/file/d/1AVJLf5Z9DF_DBW--GEcSHpYjOdFBLyza/view?usp=drivesdk
BG/T/22226,https://drive.google.com/file/d/1qPyIxagZsTfoPoaO8ZI8ucR1m679zmYV/view?usp=drivesdk
BG/T/22227,https://drive.google.com/file/d/1xr3p50QkR2t7Kus2_FVJuAIhdiwDEXVO/view?usp=drivesdk
BG/T/22228,https://drive.google.com/file/d/1WDbm2qYBTWDb0T78h1fUO_BPxlhaU0KN/view?usp=drivesdk
BG/T/22229,https://drive.google.com/file/d/1qA2yfrvYQo8s_hdaIC0ESjRJ1fQ9dL3m/view?usp=drivesdk
BG/T/22230,https://drive.google.com/file/d/1LqY7oqLsR3UD_3tWgHHMeGA8aAQuuqqo/view?usp=drivesdk
BG/T/22231,https://drive.google.com/file/d/18iEsnAsBFT-eZc1Dr1ksFRssBKISXKPU/view?usp=drivesdk
BG/T/22232,https://drive.google.com/file/d/1VTDMz07aw2_6CFWzgBay_e5fFhiZsRnj/view?usp=drivesdk
BG/T/22233,https://drive.google.com/file/d/1cwSOD0a82qsOGRLb46dLBnc25p1QDVf1/view?usp=drivesdk
BG/T/22235,https://drive.google.com/file/d/1o3Ry_tmx9d9gyzCSzLAXVkkbNn9Pn5iT/view?usp=drivesdk
BG/T/22236,https://drive.google.com/file/d/1q5D3xMwFhMKyxXDseDo0M4oOMRYgDZVb/view?usp=drivesdk
BG/T/22237,https://drive.google.com/file/d/1yTwGXWSGt9y_6AUVN-KGFKvGKwMEx4q6/view?usp=drivesdk
BG/T/22238,https://drive.google.com/file/d/140vwmPUPAU_VPEOIUQuo9uHJgBdPk-NC/view?usp=drivesdk
BG/T/22239,https://drive.google.com/file/d/1qVA8WgW7q5xdbKnMuI1G4w3JSC6KJYKt/view?usp=drivesdk
BG/T/22240,https://drive.google.com/file/d/1OOZ8t2oXUlzx4k-nS6MJzyCZ0Ep_f6xU/view?usp=drivesdk
BG/T/22241,https://drive.google.com/file/d/1vS6OmtjdfylHl9orjqZI-ddb5U3dCd8Q/view?usp=drivesdk
BG/T/22242,https://drive.google.com/file/d/1TdNIwCy5qFciXwqRQdBVACfTlImWB4IO/view?usp=drivesdk
BG/T/22243,https://drive.google.com/file/d/1usou2H2KWIXlAH6YsaRAZ79_CaMA27bG/view?usp=drivesdk
BG/T/22244,https://drive.google.com/file/d/1nEbQWNLaLEAlmWWSXWzOettro5D_jumN/view?usp=drivesdk
BG/T/22245,https://drive.google.com/file/d/1JgMJoCHBi8-trA8uHRPhHp2Zv1wUx-LE/view?usp=drivesdk
BG/T/22246,https://drive.google.com/file/d/1ojNVT_sgpTv6A1MFp6hEb4y_IZ3-CjJB/view?usp=drivesdk
BG/T/22247,https://drive.google.com/file/d/1qJ2o4QEkgV9opm0UcUFfdBg_E0oQob06/view?usp=drivesdk
BG/T/22248,https://drive.google.com/file/d/1Wku7AFaMDqNjifkzLaxd6UX2McrCrkZ8/view?usp=drivesdk
BG/T/22249,https://drive.google.com/file/d/1ZlzeF7wQsd_YeV3OqueWemuoq5bpoJUi/view?usp=drivesdk
BG/T/22250,https://drive.google.com/file/d/1HXnzqKmaTTlnC0-hG8G9j_NP5cEZDsFu/view?usp=drivesdk
BG/T/22251,https://drive.google.com/file/d/1Sqo6s3dzTg8NC6l6MwNJ_1yNKWQg32in/view?usp=drivesdk
BG/T/22252,https://drive.google.com/file/d/1o9H5iXFNLhyQdsIehrSPRoYw6QKochuQ/view?usp=drivesdk
BG/T/22253,https://drive.google.com/file/d/1xkjx5Mu_6CWQJ6sFDkG-4Ifm-D8UMypv/view?usp=drivesdk
BG/T/22254,https://drive.google.com/file/d/1hrhHFWGayd0G4PFe3RzMBImY5id7nLL7/view?usp=drivesdk
BG/T/22255,https://drive.google.com/file/d/1Hrf3Q3Dz07ALRMOsw2W-rLoXJPicJlhG/view?usp=drivesdk
BG/T/22256,https://drive.google.com/file/d/1cUKZ_DJfZ3YcIb1MSsbBF7UaIHLcDvWj/view?usp=drivesdk
BG/T/22258,https://drive.google.com/file/d/1BbP2MdfhoU5Ze23uoHab9hNB35YVAydh/view?usp=drivesdk
BG/T/22259,https://drive.google.com/file/d/1XosoW1T7K48fT_0IHt-ce4i3RusRo9s4/view?usp=drivesdk
BG/T/22260,https://drive.google.com/file/d/1JaxyFbATGXg636-dyCfdxd52P3_GsbMI/view?usp=drivesdk
BG/T/22261,https://drive.google.com/file/d/12D2mOuizfLGc3DAcHYSMqFPPf6QdjIL1/view?usp=drivesdk
BG/T/22262,https://drive.google.com/file/d/1ehFV-sAdAIJ8i_NCmb_ZvjUe73OPYYhW/view?usp=drivesdk
BG/T/22263,https://drive.google.com/file/d/1Yc0FJhZwFUdSzZWbNIHWmvKNMhWUNtYG/view?usp=drivesdk
BG/T/22264,https://drive.google.com/file/d/1DIIlEqJ-_3QNn3RLgf-Cq97G5EL2JXGM/view?usp=drivesdk
BG/T/22265,https://drive.google.com/file/d/1H8p_DR8nT_jRFFjsoKV-siExRO1R9OVy/view?usp=drivesdk
BG/T/22266,https://drive.google.com/file/d/1Mrb5EHltqWg4YnFgHHYCZLzEI7QbJx7X/view?usp=drivesdk
BG/T/22267,https://drive.google.com/file/d/1cV6GW1oxPz-SKyzBPC9UuM3HDnqlFI5h/view?usp=drivesdk
BG/T/22268,https://drive.google.com/file/d/1fcTQHPkQ1Qt7wmNyEIQIm3g0VCDOxlsQ/view?usp=drivesdk
BG/T/22269,https://drive.google.com/file/d/1HNNDRI6WL9_4UxPrBKG-ukU1NTqFdUL8/view?usp=drivesdk
BG/T/22270,https://drive.google.com/file/d/1p7AKIpoy2j2yoSNucK0CDhwK-GutMVsx/view?usp=drivesdk
BG/T/22271,https://drive.google.com/file/d/1G61WkLY39erIOHyXLX5Ny9HW4H4HosRk/view?usp=drivesdk
BG/T/22272,https://drive.google.com/file/d/1ErG1gY-qK9JaMVAzi-XbM98K7rTr4pYy/view?usp=drivesdk
BG/T/22273,https://drive.google.com/file/d/1HJufToqNVo9Wq2o4H9isKvSYM33N1AXk/view?usp=drivesdk
BG/T/22274,https://drive.google.com/file/d/1PkBPsCpkV97tnf2kM5Ht_jUoqxFh3gvN/view?usp=drivesdk
BG/T/22275,https://drive.google.com/file/d/1Jb6wvSya_qNrDEssXLMzVC-St1swbsmd/view?usp=drivesdk
BG/T/22276,https://drive.google.com/file/d/1BJLPMu4-9evrGcqFp4kMhbK_s0Aq8qbC/view?usp=drivesdk
BG/T/22277,https://drive.google.com/file/d/1G7IfQkd92wuRpkdbkR4CSEg8C23-MEka/view?usp=drivesdk
BG/T/22278,https://drive.google.com/file/d/1cfNsTT8870QldAVY9coA39nZ9eoj1Hvv/view?usp=drivesdk
BG/T/22279,https://drive.google.com/file/d/1xQZsUksE4gU-sLcFX3VwBWbONQiXK0ic/view?usp=drivesdk
BG/T/22280,https://drive.google.com/file/d/1qPjioUam1D154NaX2ci-dsOeEgjUCIr0/view?usp=drivesdk
BG/T/22281,https://drive.google.com/file/d/1azZNVFa-oonujtSILnE7g5MEL8YenL5L/view?usp=drivesdk
BG/T/22282,https://drive.google.com/file/d/18Q-k8ZVN4UHnJ7RUqn6kBbUfkyxTqO1a/view?usp=drivesdk
BG/T/22283,https://drive.google.com/file/d/1ABAkLgvCYrFRD0Ktf-dOm8BxiX8cnHtQ/view?usp=drivesdk
BG/T/22284,https://drive.google.com/file/d/1CEdCcpe7gnFsHnMG_QhAkGBoSC6X1Sig/view?usp=drivesdk
BG/T/22285,https://drive.google.com/file/d/1FW7tyJWc4UOpQBekiwks8SR0Ctqv3TmZ/view?usp=drivesdk
BG/T/22286,https://drive.google.com/file/d/1P8oD2Ot9mRcdUMSAuC99aZiGuHPAvGWl/view?usp=drivesdk
BG/T/22288,https://drive.google.com/file/d/11wbqDyT5ps4x0pc00K9nApEjNmIpOgSX/view?usp=drivesdk
BG/T/22289,https://drive.google.com/file/d/1YAU8M1aGvVjkmqFeQWCnHjR_UaCKzqzX/view?usp=drivesdk
BG/T/22290,https://drive.google.com/file/d/1hjf7VD1xZ3rQLvnm97EO53dwJXELazDq/view?usp=drivesdk
BG/T/22291,https://drive.google.com/file/d/1sA77eHt4GvPuG4TYVcrqkrab6UdQBV4N/view?usp=drivesdk
BG/T/22292,https://drive.google.com/file/d/1KPSOW1h6qvhiDRHA4f5xWFhmYTZczObo/view?usp=drivesdk
BG/T/22293,https://drive.google.com/file/d/1W7pYgzm0tj1pkHa9Ml6n-qzv-rZOaZ6d/view?usp=drivesdk
BG/T/22294,https://drive.google.com/file/d/1eecFELX_npq1eTv1VkZCR8TFbNizPHGU/view?usp=drivesdk
BG/T/22295,https://drive.google.com/file/d/1MieEAAzGfAdry_tUc0WxsGbJVhIPU-WZ/view?usp=drivesdk
BG/T/22296,https://drive.google.com/file/d/1RVTQsyV0kbTmF2pmHf30rW4EWQq6O_dw/view?usp=drivesdk
BG/T/22297,https://drive.google.com/file/d/1EvWQTKY1oXvLmgc9txdofCFMxSZmWjSp/view?usp=drivesdk
BG/T/22298,https://drive.google.com/file/d/1_fd00nTgLXZkjC2Y8_H2vFFp6LzXKLv0/view?usp=drivesdk
BG/T/22299,https://drive.google.com/file/d/1veAy7igtbzEVAeAVfy4JxgokNH09A44u/view?usp=drivesdk
BG/T/22300,https://drive.google.com/file/d/1u3jpZ6yJ7ffJGmuBLyQLJ7t3wU7WRK2V/view?usp=drivesdk
BG/T/22301,https://drive.google.com/file/d/1MfeCvtrDK5kTHZj9wg5AjGmef4LrlJ8U/view?usp=drivesdk
BG/T/22302,https://drive.google.com/file/d/1_aAQKupcI-UUynZMpfm5smlyocc3F6_A/view?usp=drivesdk
BG/T/22303,https://drive.google.com/file/d/1r3SoobHU-L58ucaftTzDQtN-M2h_mV6J/view?usp=drivesdk
BG/T/22304,https://drive.google.com/file/d/1oxtkYXBMecfV6gNn6V0dahSbL4Efrtc2/view?usp=drivesdk
BG/T/22305,https://drive.google.com/file/d/1xLUGLhpGW_YGcxSbZmi4_YUs1VttQhSp/view?usp=drivesdk
BG/T/22306,https://drive.google.com/file/d/1d_d4_k6PvbGR4rkLKk4dG7V7wkubljpb/view?usp=drivesdk
BG/T/22307,https://drive.google.com/file/d/1iSKTJ0EpFChDrhBjC8jdIZY8k-PsAbQ6/view?usp=drivesdk
BG/T/22308,https://drive.google.com/file/d/1FVKAkAtlgjeX0Q7ZQqknMi1DnSk-E2aP/view?usp=drivesdk
BG/T/22309,https://drive.google.com/file/d/15DyHdERYwNJn_f8Zuakc7YyK9SaP-I1K/view?usp=drivesdk
BG/T/22310,https://drive.google.com/file/d/1Pym0wAZM1zMG3T_Zv8IAClc18hIS2F5w/view?usp=drivesdk
BG/T/22311,https://drive.google.com/file/d/1gPPcdIHDRnGjbpQGMWzHhF7A6uqOjyR5/view?usp=drivesdk
BG/T/22311_1,https://drive.google.com/file/d/11jQQ69fuBTe_gHfb7cY7FjcaaiwRKHC9/view?usp=drivesdk
BG/T/22312,https://drive.google.com/file/d/1eaMOfRS2n4G7aaR4RdAOvKDcJxQazEDi/view?usp=drivesdk
BG/T/22313,https://drive.google.com/file/d/1OBH-ZYnfK69A8E7U84P1US8taWAJu20s/view?usp=drivesdk
BG/T/22314,https://drive.google.com/file/d/14qx3tIRN8sLdSaW8y6uK65pMbBL6HP7s/view?usp=drivesdk
BG/T/22315,https://drive.google.com/file/d/1tfScm0b664U7bNLgWkj2Hi7Y7vow5FRC/view?usp=drivesdk
BG/T/22316,https://drive.google.com/file/d/117tFeDMMlaBxFjOBh9_QPNQEBqAkNnuI/view?usp=drivesdk
BG/T/22317,https://drive.google.com/file/d/1u3efzIdQfAE-nwoauRfNJ8Hq0ExRNn-c/view?usp=drivesdk
BG/T/22318,https://drive.google.com/file/d/1p4t8TqBxzW2Kk9nTKfY98RFU3WJL1EiS/view?usp=drivesdk
BG/T/22319,https://drive.google.com/file/d/1PXJJP5ae9Psbe0oOfIQpt62FmnMX-Ngn/view?usp=drivesdk
BG/T/22320,https://drive.google.com/file/d/1gnViRMffkY_x5XSpQ2jnoU21_k2S23bh/view?usp=drivesdk
BG/T/22321,https://drive.google.com/file/d/1A2ln314vVHGLneb4Nj0KNW2J3QzAY4JJ/view?usp=drivesdk
BG/T/22322,https://drive.google.com/file/d/12lEVrYmai7VCmRnQ8OIX8o6xLlgF4wmR/view?usp=drivesdk
BG/T/22323,https://drive.google.com/file/d/1AhWnEh2O3e0UksIWMkzsVaVd7gj7XlTM/view?usp=drivesdk
BG/T/22324,https://drive.google.com/file/d/1ePy3VSsd1UNMc9qk4STkaDa_KhmlErEh/view?usp=drivesdk
BG/T/22325,https://drive.google.com/file/d/1qREj8tDeJMhgpEMy98YqcuTBE5EAbsxE/view?usp=drivesdk
BG/T/22326,https://drive.google.com/file/d/1RQTAQxW9WrHmi_qGBfBBtY0QyEPFplyT/view?usp=drivesdk
BG/T/22327,https://drive.google.com/file/d/1lUGppR6Z-FhP4G3vl_G01wMFdvKTXH0Z/view?usp=drivesdk
BG/T/22328,https://drive.google.com/file/d/1XAhNgtWdnoRggu2gqCJM3YGGRIhJ_109/view?usp=drivesdk
BG/T/22329,https://drive.google.com/file/d/1nviZGzLaoIMDz-mES4ouMqwDXPKkUZy2/view?usp=drivesdk
BG/T/22330,https://drive.google.com/file/d/1ujMuiUguG6JwFglI1IBeMiX5fX4cyKZe/view?usp=drivesdk
BG/T/22331,https://drive.google.com/file/d/1YK6MS80lpbQVTFDNkIS_JbViXutVr8ub/view?usp=drivesdk
BG/T/22332,https://drive.google.com/file/d/1jCsbG88rUnIlOe4jPOmAAXxs-bpMyY9V/view?usp=drivesdk
BG/T/22333,https://drive.google.com/file/d/1Gx-R-D13SbMs0C7CKMu1r6sB1pJrq2fF/view?usp=drivesdk
BG/T/22334,https://drive.google.com/file/d/1K8nP30TAjreUlS5-sCeSFabu7VZfiQyW/view?usp=drivesdk
BG/T/22335,https://drive.google.com/file/d/1IvpHDkWFHU08tloKlBduDMdVypuku3N7/view?usp=drivesdk
BG/T/22336,https://drive.google.com/file/d/1Ta4Z6a42JmA7jxpeQT95QTEfvSh6VLMV/view?usp=drivesdk
BG/T/22337,https://drive.google.com/file/d/1NqRVKZq5rCP_o7B6qVrIm6wfs6R0IXbE/view?usp=drivesdk
BG/T/22338,https://drive.google.com/file/d/1tezhTo-R_2ZaC-NCDhuKHW6rF7ZKGC83/view?usp=drivesdk
BG/T/22339,https://drive.google.com/file/d/1bbpPNNcQTK2GcbPz-HhxJpBrGwdgUtkY/view?usp=drivesdk
BG/T/22340,https://drive.google.com/file/d/1VlzX5JJQ6vuS5OnYkseeJAOdlC1gtOQ2/view?usp=drivesdk
BG/T/22341,https://drive.google.com/file/d/1-2SljrKGcxwozuw_1Ds_ljfvDh8Q1zep/view?usp=drivesdk
BG/T/22342,https://drive.google.com/file/d/1SpFhvGkZ7_mDcN9SZlh6gG7UP07MRvSy/view?usp=drivesdk
BG/T/22343,https://drive.google.com/file/d/12dH8IFhjLREVyxMnaXoO_47czgZryHjB/view?usp=drivesdk
BG/T/22344,https://drive.google.com/file/d/17Ejv2D20KVII-MGypZ-gNZ893qk24aH8/view?usp=drivesdk
BG/T/22345,https://drive.google.com/file/d/1SLITDoOpUQZkcLivDLPMR0A95vLgvwt-/view?usp=drivesdk
BG/T/22346,https://drive.google.com/file/d/195IsVjFRBYqjHr8pKsVnfz3zmWGcUDjM/view?usp=drivesdk
BG/T/22347,https://drive.google.com/file/d/1E4Dg3jsID6cd4lrO5zatfcooinnW_OnG/view?usp=drivesdk
BG/T/22348,https://drive.google.com/file/d/1MIrXll5PiHhm500KnkHH3hc-ttEdXW-q/view?usp=drivesdk
BG/T/22349,https://drive.google.com/file/d/1lKmN_zbsqwNRvw2UQMNb9a1XeLalV2pe/view?usp=drivesdk
BG/T/22350,https://drive.google.com/file/d/1xTNsoW8oCi8busAfVh8u-kcAEWb2B9fN/view?usp=drivesdk
BG/T/22351,https://drive.google.com/file/d/1blEH3Wc4HIALiFY-ACGPaaksletesvYf/view?usp=drivesdk
BG/T/22352,https://drive.google.com/file/d/1TNv_CBSdsH9__pQvoJCj2rnQACAmjeEQ/view?usp=drivesdk
BG/T/22353,https://drive.google.com/file/d/14xMW1wFl_lNsbooH01ro0UfcB7ZG739R/view?usp=drivesdk
BG/T/22353_1,https://drive.google.com/file/d/1ZXM1YQb8FFP4VI4jMDMxwCu4vFcpeMQX/view?usp=drivesdk
BG/T/22354,https://drive.google.com/file/d/1fcXiDeiJfazCL8Vhz1IVrT4n00v6NqnS/view?usp=drivesdk
BG/T/22355,https://drive.google.com/file/d/1Xr3aYDkbJ-UvNAAQzZFds1UyH9BKoAIV/view?usp=drivesdk
BG/T/22356,https://drive.google.com/file/d/1BiplubPsTObXLeJY20gkGO2kgF8NM-kC/view?usp=drivesdk
BG/T/22357,https://drive.google.com/file/d/1t6Rb4iBChfJJcW8oKzk_KXLfGbmzGiIr/view?usp=drivesdk
BG/T/22358,https://drive.google.com/file/d/1E22lHE4E6e7OoOra5J8fSEfxZpQl28TD/view?usp=drivesdk
BG/T/22359,https://drive.google.com/file/d/12Pg-W3cOdP4iOtxs6dObhb_NJjUJgEiV/view?usp=drivesdk
BG/T/22360,https://drive.google.com/file/d/1WsGmfxsMNXYnnWM1TkB7iSbQh6yN9CSO/view?usp=drivesdk
BG/T/22361,https://drive.google.com/file/d/12Ex4PzukaIBc3OOs-NIRLhtgNepzW0bj/view?usp=drivesdk
BG/T/22362,https://drive.google.com/file/d/13aAiUA8I8Qvlf7E_VNXMLQahxn2xbffl/view?usp=drivesdk
BG/T/22363,https://drive.google.com/file/d/1prjHYHh7W4uH0HcOFpoJCZTBXg0c2OWJ/view?usp=drivesdk
BG/T/22364,https://drive.google.com/file/d/1Gl3ZSXcc7Tu3ocjr71KQOHKcyCh2E451/view?usp=drivesdk
BG/T/22365,https://drive.google.com/file/d/11yKLBSnJepdpd3xLKrzV7DKGHm1Ka8kw/view?usp=drivesdk
BG/T/22366,https://drive.google.com/file/d/13JItGlgvnLC6gtKPVaQJnKvUmQGaYFCy/view?usp=drivesdk
BG/T/22367,https://drive.google.com/file/d/1WZYK6rMzbarACTwIqQRqkCr3n9Qmdhhy/view?usp=drivesdk
BG/T/22368,https://drive.google.com/file/d/1HmypwjqrIQCVc0Hz4rjnU22qM891d3JM/view?usp=drivesdk
BG/T/22369,https://drive.google.com/file/d/17As0jcryML7EMTNb1Mi3uPp68CSaWrRX/view?usp=drivesdk
BG/T/22370,https://drive.google.com/file/d/1tBONIq8jFeoZiTgva5KxVeEF1cTc2bfC/view?usp=drivesdk
BG/T/22371,https://drive.google.com/file/d/1plEwS2tybvqtJKfKg2_EAqv0H3RDvJ98/view?usp=drivesdk
BG/T/22372,https://drive.google.com/file/d/11okuGdA-l1rf4PTDPt-ziZ4xbRqCAQsb/view?usp=drivesdk
BG/T/22373,https://drive.google.com/file/d/1ocfmLxKSKkfprcm0nY_qjxDvh5hDj3UN/view?usp=drivesdk
BG/T/22374,https://drive.google.com/file/d/1aDUYBdhh6c0p20tLULyyUHnVnhKxBlPl/view?usp=drivesdk
BG/T/22375,https://drive.google.com/file/d/1ZDtfI8J_fsoEctX9dOsWNdjDWDvADNID/view?usp=drivesdk
BG/T/22376,https://drive.google.com/file/d/1M9pwbILVL2l0LaL8BlVD_oEqwm74Islb/view?usp=drivesdk
BG/T/22377,https://drive.google.com/file/d/1bdi0Ci-engFNioKjnMlok8qx5RAS5Y4L/view?usp=drivesdk
BG/T/22378,https://drive.google.com/file/d/1DctOBUwqymfwWDTTgAmP_Rm7LfEE7eya/view?usp=drivesdk
BG/T/22379,https://drive.google.com/file/d/1hff9khHCnkYwiagGKUHoq_grtSFKu48_/view?usp=drivesdk
BG/T/22380,https://drive.google.com/file/d/1UB5iSt5wke7TTzq0dqpVhDOst4ZzoQyj/view?usp=drivesdk
BG/T/22381,https://drive.google.com/file/d/18aX6SEfJI9owL4E2AjYERTpKxsIu7l9m/view?usp=drivesdk
BG/T/22382,https://drive.google.com/file/d/1EC7ePzLl__6jGOblHGfKMhtpZcWaRiLf/view?usp=drivesdk
BG/T/22383,https://drive.google.com/file/d/1onz3tZqOpt_5bpu31iXDx0UlJ0pXDcmR/view?usp=drivesdk
BG/T/22384,https://drive.google.com/file/d/1Skyhf9gOIJhXotzASxla61XcLNzjxro2/view?usp=drivesdk
BG/T/22385,https://drive.google.com/file/d/1XGPj8KH889-GkC7J6jvTytsS6e-Dr_BB/view?usp=drivesdk
BG/T/22386,https://drive.google.com/file/d/1zAwW302D_53gC4rDnoMypR_8JOk598kj/view?usp=drivesdk
BG/T/22387,https://drive.google.com/file/d/1NtYtQetDqPuHGof6F_7wVtMZtWwYEtpF/view?usp=drivesdk
BG/T/22388,https://drive.google.com/file/d/1LmHj5UdjYfzEvgUVBGnmnqDjoY7_Ul6i/view?usp=drivesdk
BG/T/22389,https://drive.google.com/file/d/1YJbWR4DFSnRmOG-2BjlkJEkjg010QSiJ/view?usp=drivesdk
BG/T/22390,https://drive.google.com/file/d/1YQ3KLOgLhDejfrvfbQ0S05BPewb-K_Ex/view?usp=drivesdk
BG/T/22391,https://drive.google.com/file/d/1nNJm0eDGTu-5VKeCEaDziKe7L8DK1j8U/view?usp=drivesdk
BG/T/22392,https://drive.google.com/file/d/1g7XTnLi0byMq7UKF0bWdImz27ie9MAAu/view?usp=drivesdk
BG/T/22393,https://drive.google.com/file/d/1hJyCIFxsdP3Xj89arMIyNJeFbPD3PCTw/view?usp=drivesdk
BG/T/22394,https://drive.google.com/file/d/1PYXsZ1G6CHNQQkkfkI6P-91TRbNVQbob/view?usp=drivesdk
BG/T/22395,https://drive.google.com/file/d/14-KNFth7rPiEIgITGmG1uGErTc6GIcb9/view?usp=drivesdk
BG/T/22396,https://drive.google.com/file/d/18nt8WTeIY1WPFOMp-SB_5wvlqDMi1GAO/view?usp=drivesdk
BG/T/22397,https://drive.google.com/file/d/1WBk50gu0hr_5nQ5elJNi9nT6RbKidhtQ/view?usp=drivesdk
BG/T/22398,https://drive.google.com/file/d/1_XCqrIbpnJAJeZHrP1f6Bm9BpW4RD2oi/view?usp=drivesdk
BG/T/22399,https://drive.google.com/file/d/1jm86XHsIzHe_z2rUzv3YQxmbEIRSear7/view?usp=drivesdk
BG/T/22400,https://drive.google.com/file/d/1xMjKX3vp6Oz1z86j1YaZSXWhh5FWr2qI/view?usp=drivesdk
BG/T/22403,https://drive.google.com/file/d/1k8cXFz5hzwaIZlunguF3Hnad7-xgBQE4/view?usp=drivesdk
BG/T/22404,https://drive.google.com/file/d/1qpksIItAesjHf_Qooymux8tRcWdXMdr7/view?usp=drivesdk
BG/T/22405,https://drive.google.com/file/d/1b9dihnXOzb_2JbflTNlgRByVLsjpM3bM/view?usp=drivesdk
BG/T/22407,https://drive.google.com/file/d/1qcf1WdhynjwI1tPtXnmgaly4Iwu-VdG0/view?usp=drivesdk
BG/T/22409,https://drive.google.com/file/d/1Jw6FCHqNP4z4PYBOsFKb6XjmxhOjtOjL/view?usp=drivesdk
BG/T/22411,https://drive.google.com/file/d/1hqaX9NyLPj0PL-T2f4qmgexn4nt4oeLV/view?usp=drivesdk
BG/T/22412,https://drive.google.com/file/d/1V3VJiommYY-S197ygrxzS837vX5kvFfS/view?usp=drivesdk
BG/T/22413,https://drive.google.com/file/d/1LJ7Mwan9y9wgAlhE6VI2HyGKjeATx1z7/view?usp=drivesdk
BG/T/22414,https://drive.google.com/file/d/1T3faNmqJ1dBQjd0j7B-l6u3Yc7hgL5kI/view?usp=drivesdk
BG/T/22415,https://drive.google.com/file/d/1JR-MAb7rIqfBTShYvroMYmFnWIAg9qL9/view?usp=drivesdk
BG/T/22416,https://drive.google.com/file/d/1Larcc-FqFo5BZDGs8gdTqK7Kx7YNJ2bs/view?usp=drivesdk
BG/T/22418,https://drive.google.com/file/d/1Ylm53uGBDcc5RLRCP-9J0ggDnDYHa740/view?usp=drivesdk
BG/T/22419,https://drive.google.com/file/d/1FbKFSpG8dYGKK3g_Ux_UoTjZvXrSXl4q/view?usp=drivesdk
BG/T/22421,https://drive.google.com/file/d/10JiPDV8hoE_VmLCEfH7PCSVAJtgyZCHz/view?usp=drivesdk
BG/T/22422,https://drive.google.com/file/d/1XSXts8kA1UQQkIxqKWdd3N4YKp7LGqxJ/view?usp=drivesdk
BG/T/22423,https://drive.google.com/file/d/13I8mcvJi1QrNii6PmkbeoWKCeQXeQpp1/view?usp=drivesdk
BG/T/22425,https://drive.google.com/file/d/1Fm84E7jyG8jurVYU4lZfX9heHx2zWXkc/view?usp=drivesdk
BG/T/22426,https://drive.google.com/file/d/19Fs6yqgj0bmvQHQCQvXxXB4vqswa6tar/view?usp=drivesdk
BG/T/22428,https://drive.google.com/file/d/1KPM7vpLK17lzp4UdLV_aumtRzdqECAde/view?usp=drivesdk
BG/T/22429,https://drive.google.com/file/d/1CSAgD7QufsCaifxB60DJSYMIGCOW819V/view?usp=drivesdk
BG/T/22435,https://drive.google.com/file/d/1lXFC4F7HMA98u1q54M1kPQZRhGte7vOt/view?usp=drivesdk
BG/T/22436,https://drive.google.com/file/d/1HKyK0tf03dqTSOea2V3oUhZsiXxC46Ed/view?usp=drivesdk
BG/T/22437,https://drive.google.com/file/d/1AoKGBS2twYyKnrK5g159U1MZ1p94REsM/view?usp=drivesdk
BG/T/22440,https://drive.google.com/file/d/1klx2899hM79EYB_AAHZEzf-mzBi-zPry/view?usp=drivesdk
BG/T/22441,https://drive.google.com/file/d/1qqjVftmwVV0byLkaXPEJrElh762bIKVg/view?usp=drivesdk
BG/T/22442,https://drive.google.com/file/d/1SIGbC0T1FCoafC_3aE8OzCsE4pvWVa_f/view?usp=drivesdk
BG/T/22443,https://drive.google.com/file/d/1787zs87cG8q9oHetVGrFaeCvnFv0qkbq/view?usp=drivesdk
BG/T/22444,https://drive.google.com/file/d/1rUIRfMFtRpUK2j6jV9Gds5nS-AHP7G6d/view?usp=drivesdk
BG/T/22445,https://drive.google.com/file/d/1Jn0T6-T5qfnDvdQIpAmGJdrSsfR2kjRY/view?usp=drivesdk
BG/T/22446,https://drive.google.com/file/d/1NPaS38VXkAXwCIfKwbJYKZeHoHo466O0/view?usp=drivesdk
BG/T/22447,https://drive.google.com/file/d/1qYrelABAthyBvl2ghAEQCYm4a577O2NW/view?usp=drivesdk
BG/T/22448,https://drive.google.com/file/d/1oednJGdskR7fH-e4CUCQykbHnyqeqYJo/view?usp=drivesdk
BG/T/22449,https://drive.google.com/file/d/1OeCB7ETH7h3g_3UXfRNYr3Xfssus9Kkm/view?usp=drivesdk
BG/T/22450,https://drive.google.com/file/d/1RyHvUp1VcX9lG1LLTDcbf1JFMB54Cq_Q/view?usp=drivesdk
BG/T/22452,https://drive.google.com/file/d/17qhTH0zMAtJwC6POnOQ6EHRYDUN8aLgH/view?usp=drivesdk
BG/T/22453,https://drive.google.com/file/d/1sT_TqaJdLEIn-AgJODcA0MfCdB_JKIRr/view?usp=drivesdk
BG/T/22454,https://drive.google.com/file/d/16Pa-2Odi2Tmbw7c838aGW3u-VOENHJAK/view?usp=drivesdk
BG/T/22455,https://drive.google.com/file/d/1Gfy-wNbGryLBI58WhqZWpqjBaI7n5--z/view?usp=drivesdk
BG/T/22456,https://drive.google.com/file/d/1ba1tipM3zmFnp3DzYXBdH3XBZQp-uJpx/view?usp=drivesdk
BG/T/22457,https://drive.google.com/file/d/1LCAe6WpuLt7JlUCWYMipo0v7jFmUd8LG/view?usp=drivesdk
BG/T/22458,https://drive.google.com/file/d/1gRcm1VVoVYQkLcamCElsV4Cj1Vk_XaQw/view?usp=drivesdk
BG/T/22459,https://drive.google.com/file/d/1yFZyUwGIb7rtlGBWDWK4jKD1q5YmKEcH/view?usp=drivesdk
BG/T/22460,https://drive.google.com/file/d/16eC4vF1sMTmBxOXlkbceT_vG_NXKYycb/view?usp=drivesdk
BG/T/22461,https://drive.google.com/file/d/1daIkj4P37vACCueHO_oqXaYhMLklsPVf/view?usp=drivesdk
BG/T/22462,https://drive.google.com/file/d/11yscyjZ1maXzzXjt2HzGQuxzDjZD1-wX/view?usp=drivesdk
BG/T/22463,https://drive.google.com/file/d/1z6R5Mazii3ZmxVYveKfT6dTV-abuK5N1/view?usp=drivesdk
BG/T/22465,https://drive.google.com/file/d/1U1MRu0YHkFEU-XtNcYCuvY2t82faWEpr/view?usp=drivesdk
BG/T/22466,https://drive.google.com/file/d/12qSjOEu-hDGay5t3Ic4Y-CS5wJ6N6c7g/view?usp=drivesdk
BG/T/22467,https://drive.google.com/file/d/1lCgoDvuTm6SRudn3AHtDk_qoyhxZBW2u/view?usp=drivesdk
BG/T/22468,https://drive.google.com/file/d/1WbX_rZWuIl0RWVKFL9su1QNkRzUrSfAh/view?usp=drivesdk
BG/T/22469,https://drive.google.com/file/d/1hpiUP5WPNLIHvUVSFTIvRxHHzP_jyO71/view?usp=drivesdk
BG/T/22470,https://drive.google.com/file/d/1GFqwe1qeDoHewahi9qR639D1aeW7gdi5/view?usp=drivesdk
BG/T/22471,https://drive.google.com/file/d/1pzMRli9M7Q5z_xWi9l2xT4uglwCRBGoN/view?usp=drivesdk
BG/T/22473,https://drive.google.com/file/d/10uJPzwQexWv6BrxunXgf39PVTQXgOGER/view?usp=drivesdk
BG/T/22474,https://drive.google.com/file/d/1inkk4vIMkfPFZldugAz5wG85w6yET2qF/view?usp=drivesdk
BG/T/22475,https://drive.google.com/file/d/1mFj-SA1gGypx8bzGzMVtuRXDmO2T9I-K/view?usp=drivesdk
BG/T/22476,https://drive.google.com/file/d/12PhDkkfVjmtiT_fXsw-oA9ekERsYZQzJ/view?usp=drivesdk
BG/T/22478,https://drive.google.com/file/d/1FvJGPfpdeGulQweFmCU-KYZYJ2q-757t/view?usp=drivesdk
BG/T/22479,https://drive.google.com/file/d/1HGwxNscsBo2HagEe-fEaOnARdjOtb8_7/view?usp=drivesdk
BG/T/22480,https://drive.google.com/file/d/1Zz-fDpyrvKPzR5FFWe5f2aXFeL7KESrK/view?usp=drivesdk
BG/T/22481,https://drive.google.com/file/d/1YT_2Ht6kLPHxV2jP0X2p59-yXHBojP7C/view?usp=drivesdk
BG/T/22482,https://drive.google.com/file/d/1j6ZMXjNshZ4ggocu2NP9ESg4CAd7KHOM/view?usp=drivesdk
BG/T/22483,https://drive.google.com/file/d/1euFwLNlk1h-xS-V2guTIpgQhviD1ZO9O/view?usp=drivesdk
BG/T/22484,https://drive.google.com/file/d/1IO0sEar7yDAGRUygdmU_M6OQ7eM_gyjz/view?usp=drivesdk
BG/T/22485,https://drive.google.com/file/d/1bUArLthT1390sAlR3MFi_8NWX7vcGy13/view?usp=drivesdk
BG/T/22486,https://drive.google.com/file/d/1xVt2OQZ7QcX8WPfd3BfMaMveBO1w_2eH/view?usp=drivesdk
BG/T/22487,https://drive.google.com/file/d/1QHu8oFCqbO9q1L_y5Vjq7mC_xqo_oXWC/view?usp=drivesdk
BG/T/22488,https://drive.google.com/file/d/1vuWPIs2gsm1SDvrTyGyYTz-60NNULxGB/view?usp=drivesdk
BG/T/22489,https://drive.google.com/file/d/1Ttxv5ghuAxwLaUU7Oa9UieQqg9JgVL1_/view?usp=drivesdk
BG/T/22490,https://drive.google.com/file/d/17gUP9Q2G0vhcDJuFkYfs2FGTHshLaA8K/view?usp=drivesdk
BG/T/22491,https://drive.google.com/file/d/1kCxdC78DkD-3EBxUv8FaXmVdx2awaUkv/view?usp=drivesdk
BG/T/22492,https://drive.google.com/file/d/1J5VTEsDdCPVcjnNH-7h16GjLLHAj4td6/view?usp=drivesdk
BG/T/22493,https://drive.google.com/file/d/11xv-BXwq79FJSn32IZvtsHLIzgQYmy6i/view?usp=drivesdk
BG/T/22494,https://drive.google.com/file/d/1RzWWkDAKlnvviR0Jf9_dEfNQ406z3OuD/view?usp=drivesdk
BG/T/22495,https://drive.google.com/file/d/1khzdSWr_iclD2lXY-cNMjcx-67NeyNCP/view?usp=drivesdk
BG/T/22496,https://drive.google.com/file/d/1Htr5qCwNKulG_DITyYKEIrFUvWv2CZra/view?usp=drivesdk
BG/T/22497,https://drive.google.com/file/d/1ERsV0mMoBl61lGuoLnnMUrdwJSqinDOm/view?usp=drivesdk
BG/T/22498,https://drive.google.com/file/d/17uC5IwWn2gp3bGeKccBkPazb_sAEMQee/view?usp=drivesdk
BG/T/22499,https://drive.google.com/file/d/13kY-fr9DQxdeOM2EVLM6ieOkoLbyczPZ/view?usp=drivesdk
BG/T/22500,https://drive.google.com/file/d/10qtuc6CqdF_nlHC1dIfKz8_uelxoyhEL/view?usp=drivesdk
BG/T/22501,https://drive.google.com/file/d/1lRM3scglXs1dxLvs7RmI5nC1ykLo7AJM/view?usp=drivesdk
BG/T/22502,https://drive.google.com/file/d/1oH86WvzKqKyPzOkw37_K9_cH2NfAfW91/view?usp=drivesdk
BG/T/22503,https://drive.google.com/file/d/1wKF00T6tY4UDBomlG7II-25MeofEnZgi/view?usp=drivesdk
BG/T/22504,https://drive.google.com/file/d/1QHyF2EdqVz2uP7F6kMJGwOtJJOH4E8uE/view?usp=drivesdk
BG/T/22505,https://drive.google.com/file/d/1llbRlGUXEK6VtZwEfhj5uOnnEQonMlmK/view?usp=drivesdk
BG/T/22506,https://drive.google.com/file/d/1wHXAsJiqngLwVlWwnObhyLdJi6zBzsWX/view?usp=drivesdk
BG/T/22507,https://drive.google.com/file/d/1ZZGQUhZm1r4Ro13YRNi2w4pbgEMD_Xpf/view?usp=drivesdk
BG/T/22508,https://drive.google.com/file/d/1rQIr6LqaAvyjwmXGtDlWDV5HwsiRt7xr/view?usp=drivesdk
BG/T/22509,https://drive.google.com/file/d/1fh55NrN4QbZhHGc9arsacBmlZtQibjBz/view?usp=drivesdk
BG/T/22510,https://drive.google.com/file/d/1xEF2-6v3xQsyDrgVSk-1Oy3Y5xgC-sP2/view?usp=drivesdk
BG/T/22511,https://drive.google.com/file/d/1yphVEIHIw3vBt9p1SeZ7ymad6nJTWbkJ/view?usp=drivesdk
BG/T/22512,https://drive.google.com/file/d/1diCC1XNtMT7lQO1GR8cKs06dbXCT0pM4/view?usp=drivesdk
BG/T/22513,https://drive.google.com/file/d/17Grjf0RU-dVBQMT2z7G7luAHr3ghSrbg/view?usp=drivesdk
BG/T/22514,https://drive.google.com/file/d/1uxV_svmwsn3I8ihbPpXms0CpGsAkJAQV/view?usp=drivesdk
BG/T/22515,https://drive.google.com/file/d/1jS526Sm9iocL68PRf0Kt873SMm9Ae4Cm/view?usp=drivesdk
BG/T/22516,https://drive.google.com/file/d/1cgs7_aajMB283BeIrJ9Hn7j_KgxMn3IO/view?usp=drivesdk
BG/T/22517,https://drive.google.com/file/d/1Ec6BkgsUCD56q23wfErgAW0a5tAYcfVi/view?usp=drivesdk
BG/T/22518,https://drive.google.com/file/d/1QzNmKwqeA6vwRKzrU0dxXliuFjKFT_zw/view?usp=drivesdk
BG/T/22519,https://drive.google.com/file/d/13EBW837Tlti3nzQmVlDJDQUvWQxvSA5s/view?usp=drivesdk
BG/T/22520,https://drive.google.com/file/d/1KJgbGzqBgy7pHMCWO-89F9BfYhRc6DM8/view?usp=drivesdk
BG/T/22521,https://drive.google.com/file/d/1iKlaOXx3pVorvuf24kmUgI1R7IX-FwTP/view?usp=drivesdk
BG/T/22522,https://drive.google.com/file/d/1Pppuex6EMo7i2AcGuh2PkTM2QaCnWnyR/view?usp=drivesdk
BG/T/22523,https://drive.google.com/file/d/1pMSyTyKkgoHYR4dHKge_rezA32gugGDx/view?usp=drivesdk
BG/T/22524,https://drive.google.com/file/d/1vY5kNxqPpZCe8sp2bRRQRn6tQwQb5amI/view?usp=drivesdk
BG/T/22525,https://drive.google.com/file/d/1UF2-lsDO7mOQ4HYKFQa9Ya2oSfeZB-Ip/view?usp=drivesdk
BG/T/22526,https://drive.google.com/file/d/1_mchoEquFUCq7lc-D4UyYt_P2BAEkVIj/view?usp=drivesdk
BG/T/22527,https://drive.google.com/file/d/1dAmay3m47254ZoveknlmaUlHYmFi6kmy/view?usp=drivesdk
BG/T/22528,https://drive.google.com/file/d/1Iq1BYMh6KTyKcTiblk9EfPM64DMFFlii/view?usp=drivesdk
BG/T/22529,https://drive.google.com/file/d/1Oe5utzovIqB2YfyHy4GpR-kYCl7TwWhT/view?usp=drivesdk
BG/T/22530,https://drive.google.com/file/d/1UuMfzpxPVW5Uray47LwP5zFFdweRmyHi/view?usp=drivesdk
BG/T/22531,https://drive.google.com/file/d/19GufgM8LdA9g3O8-0IoZBGEw1DXUD2aZ/view?usp=drivesdk
BG/T/22532,https://drive.google.com/file/d/1aL0NIYJiQMsg4AYGVQRphgYa5JydA3x6/view?usp=drivesdk
BG/T/22533,https://drive.google.com/file/d/14bfU20tAp0slG1gVUPG-VfrYrVpo62kD/view?usp=drivesdk
BG/T/22534,https://drive.google.com/file/d/1eCHch99jc5Ggv0nfCgPO0XxL_tlg6h2g/view?usp=drivesdk
BG/T/22535,https://drive.google.com/file/d/14kCK-Z_kYZrwibLb2_-zgD6u8Wiz_oOj/view?usp=drivesdk
BG/T/22536,https://drive.google.com/file/d/1P1ymKEKu3vsgz-AQ8E9dH67MM0f_hho0/view?usp=drivesdk
BG/T/22537,https://drive.google.com/file/d/1ZGMEGjBBkesMN9ff2h2jB7uBByJIWd7V/view?usp=drivesdk
BG/T/22538,https://drive.google.com/file/d/1Dxi9UMIt-qZdgAlKMYGbhrqKiRZOHdvd/view?usp=drivesdk
BG/T/22539,https://drive.google.com/file/d/1y12aEae4XSmslqq-r2zaHF4Rg5SX9JCt/view?usp=drivesdk
BG/T/22540,https://drive.google.com/file/d/1TFKrI3PqOzmFhOMrRxUn4b02fweRVzBw/view?usp=drivesdk
BG/T/22541,https://drive.google.com/file/d/19e1xEozaoHQhkphFZ8GjpU8rBl3ZMuYk/view?usp=drivesdk
BG/T/22542,https://drive.google.com/file/d/1_EliU7K6D9ddEaU6frhpiZpLNNP3QrCC/view?usp=drivesdk
BG/T/22543,https://drive.google.com/file/d/1x0jY0HCz26VgVVyotbyR3OHGCS_6Qb7R/view?usp=drivesdk
BG/T/22544,https://drive.google.com/file/d/1-CzxrRptMy9G8kzjJ-uUN5O9WhNT0tI3/view?usp=drivesdk
BG/T/22545,https://drive.google.com/file/d/1kChn_4nNdAAZkD_S1GxonlDzX0qAPXXd/view?usp=drivesdk
BG/T/22546,https://drive.google.com/file/d/16SXlRa6RxaSvjtDf-WLYOz2RpgzwqId9/view?usp=drivesdk
BG/T/22547,https://drive.google.com/file/d/10lCNxSR4jy0rET_K9GCGnuD76937n8_D/view?usp=drivesdk
BG/T/22548,https://drive.google.com/file/d/1GAXjqAy11MCVdCHh2dvL6L5_ujc-8Shg/view?usp=drivesdk
BG/T/22549,https://drive.google.com/file/d/1YpQysiD-kftKWbC_1WVTHC55Fu2Rt-Y7/view?usp=drivesdk
BG/T/22550,https://drive.google.com/file/d/1rbrBiKnXnCAYChxWXV70tVh2B3galBy_/view?usp=drivesdk
BG/T/22551,https://drive.google.com/file/d/1HasWldlVfp-R1SwxKNR9W6DLlRhDxODg/view?usp=drivesdk
BG/T/22552,https://drive.google.com/file/d/1_hQbU3xz2DqvEmsjfoBeMs5IrInL3Eox/view?usp=drivesdk
BG/T/22553,https://drive.google.com/file/d/1qxVAJ414XoFRTIZxKOGBT3JtVuG8ygDv/view?usp=drivesdk
BG/T/22554,https://drive.google.com/file/d/11OBYDO5fpO6ivOw21farDUToe62wzpk_/view?usp=drivesdk
BG/T/22555,https://drive.google.com/file/d/1vqI-rMheaXMrvxcAWwr62iS5Im-aUoW1/view?usp=drivesdk
BG/T/22556,https://drive.google.com/file/d/1UagosBScxFaE6XRTsn__b0OJ6rM67jwY/view?usp=drivesdk
BG/T/22557,https://drive.google.com/file/d/1CXmWJA2xH90ykeDNA7AE82lYT_Bw1oaA/view?usp=drivesdk
BG/T/22558,https://drive.google.com/file/d/1yqni4grhivXSfrNaheR7Qmx-gurfNRE0/view?usp=drivesdk
BG/T/22559,https://drive.google.com/file/d/1cHdpXiHHSFVVJdCQSaIq06HHAS4pjO_r/view?usp=drivesdk
BG/T/22560,https://drive.google.com/file/d/1ED87zUmj7UZzGvOSp5wumKDYcsydfrfo/view?usp=drivesdk
BG/T/22561,https://drive.google.com/file/d/1eB7LpJUK3IyKMGQqTQ8JbzTliloc0e9e/view?usp=drivesdk
BG/T/22562,https://drive.google.com/file/d/1fByy1jt7se2b-8w-PAD_VTcffMtfQEQN/view?usp=drivesdk
BG/T/22563,https://drive.google.com/file/d/1Eaax3jqy2X3aWlU0oCfMV_4lPz2VX3GB/view?usp=drivesdk
BG/T/22564,https://drive.google.com/file/d/1MRqoHLaQaIxHIeEo20pL_7IlnGVG3Bkb/view?usp=drivesdk
BG/T/22566,https://drive.google.com/file/d/1chXgUUqiPuL5BpQnWJmeP9ndUsXpOLYK/view?usp=drivesdk
BG/T/22567,https://drive.google.com/file/d/1gPTDnxUTSL8ZL0WEjOSGhH-2yZDdh_cg/view?usp=drivesdk
BG/T/22568,https://drive.google.com/file/d/1AsDNnp3LYV36yod-9EJgt4wCdrCMHQ3G/view?usp=drivesdk
BG/T/22569,https://drive.google.com/file/d/1B3jjjA22pwrX7tCd458NjYWJ0ktN5nqN/view?usp=drivesdk
BG/T/22571,https://drive.google.com/file/d/1UWiIGvYVUSuigv4R2Vi2NVFSxwwuF-dS/view?usp=drivesdk
BG/T/22572,https://drive.google.com/file/d/1mmKTIosODz_ZEPfW2WL5kpG32iIUksy-/view?usp=drivesdk
BG/T/22573,https://drive.google.com/file/d/1oZjytvfOA5P2uF_drFdppdJYw-EQYYMi/view?usp=drivesdk
BG/T/22575,https://drive.google.com/file/d/1KGTtk7lZwiR2V-EY18-lm9alq7BTeD-N/view?usp=drivesdk
BG/T/22576,https://drive.google.com/file/d/1N1phD47WUajCXAtQgsmP6kP-0QK8t4cU/view?usp=drivesdk
BG/T/22577,https://drive.google.com/file/d/17ads1gK4wPhzXhfYjnEbUuMTih1X9Aok/view?usp=drivesdk
BG/T/22578,https://drive.google.com/file/d/1qhZalgATM1F3LpjUmrigmEmy6TnDzUpi/view?usp=drivesdk
BG/T/22579,https://drive.google.com/file/d/1_4tQ_z3WikGFwYsXdn88pItrbf0JwAyU/view?usp=drivesdk
BG/T/22580,https://drive.google.com/file/d/1peFqawrC5qv-wJN8nd84ida9Q3EMnvF3/view?usp=drivesdk
BG/T/22582,https://drive.google.com/file/d/1UZcRvtDkHtp778UXEmUq67M__PGvhj7K/view?usp=drivesdk
BG/T/22583,https://drive.google.com/file/d/1wOtam55p26_sXsOO5-shHntMjPbywtJ1/view?usp=drivesdk
BG/T/22584,https://drive.google.com/file/d/1IH_GgpUOMRPpCJaDeGoRwwpJy2zvQbAz/view?usp=drivesdk
BG/T/22585,https://drive.google.com/file/d/1Ir1trb2EtfkiaDICVUM4lz4MeVUUXHY5/view?usp=drivesdk
BG/T/22586,https://drive.google.com/file/d/1p_A7K_zLKOMVMrEHvpaGZW3OSl9L9VpI/view?usp=drivesdk
BG/T/22588,https://drive.google.com/file/d/1-0vWBc8DMa2c-dNu_lFadL0Jy5MPZtEJ/view?usp=drivesdk
BG/T/22590,https://drive.google.com/file/d/1N65V_4AF_Sae5YtlD6z24hURaVmknvMa/view?usp=drivesdk
BG/T/22591,https://drive.google.com/file/d/1hewlZ1431rLMuGK2LHSqpyAOA2WTPMCq/view?usp=drivesdk
BG/T/22592,https://drive.google.com/file/d/19P7KBlEfVRLU_dy1p41iXQew7wiXzGGU/view?usp=drivesdk
BG/T/22593,https://drive.google.com/file/d/16VhMAxjCVLqdvgb4RAaCB9g5SRbM2G2K/view?usp=drivesdk
BG/T/22594,https://drive.google.com/file/d/1ZWm-rthHvs-aPjZLw-nqp3b4LHQxoTyi/view?usp=drivesdk
BG/T/22595,https://drive.google.com/file/d/18qsdQBJV45e4CCr_fnHpBcsYTEWKZHDh/view?usp=drivesdk
BG/T/22596,https://drive.google.com/file/d/1l-FEnhIKTW3V79szPBzXaO-SuDdArd48/view?usp=drivesdk
BG/T/22597,https://drive.google.com/file/d/1VfrMUaOSvh3gamn2I8gP0SqhouY3x3aU/view?usp=drivesdk
BG/T/22598,https://drive.google.com/file/d/1-xbygr0zipa3_IcwN6BnQkfVAiYShzP6/view?usp=drivesdk
BG/T/22600,https://drive.google.com/file/d/1XK1bz2M0Gu-MzWnOJtj0HFPtuTq8Tom6/view?usp=drivesdk
BG/T/22601,https://drive.google.com/file/d/1sKZ9W4GA-gMN0wLXAwYUNk_iefM5kTul/view?usp=drivesdk
BG/T/22602,https://drive.google.com/file/d/10POH4JDlOM0dw30-_RCsCuKVBoqKrz4u/view?usp=drivesdk
BG/T/22603,https://drive.google.com/file/d/1F5dIi54ybCKywUF7tXGMdlwr_fJRBqyE/view?usp=drivesdk
BG/T/22604,https://drive.google.com/file/d/16KYQpgyY4iJd0DX5icQmn5UApokcj54m/view?usp=drivesdk
BG/T/22605,https://drive.google.com/file/d/1TH2wmR1GiYp2-9M8GwnI3d_FbY0G3O7E/view?usp=drivesdk
BG/T/22606,https://drive.google.com/file/d/136VcSfgfZXKCOIFkJDSxg5HO9UB7MGmZ/view?usp=drivesdk
BG/T/22607,https://drive.google.com/file/d/19wD0x0G8NW3jR_SbceQsybLczWkLI38s/view?usp=drivesdk
BG/T/22608,https://drive.google.com/file/d/1W3UzH9ibsGYy3Skm-_FIDzZHJphfq2yD/view?usp=drivesdk
BG/T/22609,https://drive.google.com/file/d/1G0hSQEgFGkwbD34ClCc1xaZ4LNPB28Va/view?usp=drivesdk
BG/T/22610,https://drive.google.com/file/d/1b6esNDnJM6Lgb2j1mHV0CmkL2gkvWtTn/view?usp=drivesdk
BG/T/22611,https://drive.google.com/file/d/1-s3FyePV6DcHocI_YvMh5pp73hcyX0Ex/view?usp=drivesdk
BG/T/22612,https://drive.google.com/file/d/1YIYWo3aiKLbtbTnRV-5L880UA2WkLdHQ/view?usp=drivesdk
BG/T/22614,https://drive.google.com/file/d/1_GScYFcOnjIkH0NE6JeFJl627yY_A6dm/view?usp=drivesdk
BG/T/22616,https://drive.google.com/file/d/1RruGsjKw41QoAW6f6d3ruzVKXW4nrpd9/view?usp=drivesdk
BG/T/22617,https://drive.google.com/file/d/1A2HaqPTUy6HjkCEaekSeMYPd9k_3yz6_/view?usp=drivesdk
BG/T/22619,https://drive.google.com/file/d/18NN3-4J8B7j359woRdQYWq7ipOyLhcPc/view?usp=drivesdk
BG/T/22620,https://drive.google.com/file/d/1JY7HnQOtFVIzt3fLp-QZ9OuKQId_w3mh/view?usp=drivesdk
BG/T/22622,https://drive.google.com/file/d/1xDeKGN__imhL035bADmF7VvjqxaLiXYL/view?usp=drivesdk
BG/T/22623,https://drive.google.com/file/d/1Mdp8UEEsb37SvLSVf9m-RcJV0NRreMSv/view?usp=drivesdk
BG/T/22624,https://drive.google.com/file/d/1Q1KNX_RNPPCeLcKEPAb_qSePb8DpE5Yi/view?usp=drivesdk
BG/T/22625,https://drive.google.com/file/d/1cDeuHA1JaLbQBoIg6cg4k3Ul-0tSARTf/view?usp=drivesdk
BG/T/22626,https://drive.google.com/file/d/1JJ64Q_bGnqPqfOPqKp5_3JHykRzzTxEB/view?usp=drivesdk
BG/T/22627,https://drive.google.com/file/d/1eCUeGhlFAem9ur9LkHrQmTTLj-BhemtY/view?usp=drivesdk
BG/T/22628,https://drive.google.com/file/d/18Cf5-BeUAMR9CWL5a5m_NBaxkV888uDv/view?usp=drivesdk
BG/T/22629,https://drive.google.com/file/d/1VcdQWZ9owombIHttrNCymxuOPTVaZIfC/view?usp=drivesdk
BG/T/22630,https://drive.google.com/file/d/1VMg_MkUUwZ-BugtXqGJ-1UhuIRrGO3xA/view?usp=drivesdk
BG/T/22631,https://drive.google.com/file/d/1IZ5Duy3RaAAK6WsSLHNzRL1MiULnld2a/view?usp=drivesdk
BG/T/22632,https://drive.google.com/file/d/1apFj3rCFT-BxyviVUCQegnfSjrhLJwk0/view?usp=drivesdk
BG/T/22633,https://drive.google.com/file/d/1fReMwAllQvp6lpgtQCfHBQrMfPDr7Odt/view?usp=drivesdk
BG/T/22634,https://drive.google.com/file/d/1-wBAE14h4Nmh8dYa9jkGhgdm57EvEXyZ/view?usp=drivesdk
BG/T/22635,https://drive.google.com/file/d/1hVDh2U0kVcErYa_ItiSMXrRedCwhv32W/view?usp=drivesdk
BG/T/22636,https://drive.google.com/file/d/10dlRUZgsb6EOxWVCrxm0bS_P8s3Mu-M2/view?usp=drivesdk
BG/T/22637,https://drive.google.com/file/d/1FWKZ6vr5qPOgieQq-J13URjbityNHCPM/view?usp=drivesdk
BG/T/22638,https://drive.google.com/file/d/1VKi25-UxOlNECoTzepoXTYmg_MFnqQwo/view?usp=drivesdk
BG/T/22639,https://drive.google.com/file/d/1w5alrL-k6UfoZAjZJUmE5qEXd33Sz5xl/view?usp=drivesdk
BG/T/22640,https://drive.google.com/file/d/1RyvXTnlfKyDi-E6-VOxJxKf1QxfD1Ajj/view?usp=drivesdk
BG/T/22641,https://drive.google.com/file/d/1askTH1lhKRajZYfF9cmZV-B7N2HkS8Ul/view?usp=drivesdk
BG/T/22642,https://drive.google.com/file/d/1m1rBAl7UUMdTfdM6YCuZHRiEwNEjryRT/view?usp=drivesdk
BG/T/22643,https://drive.google.com/file/d/1wvnqh23206Wgbn9-ONLJGkm6VOth5o_W/view?usp=drivesdk
BG/T/22644,https://drive.google.com/file/d/1cn3FW4Xq3H-xRVxtCzl0gAwSpATyGcQb/view?usp=drivesdk
BG/T/22645,https://drive.google.com/file/d/1EIVNEmTzsmZx1UbrC0Er34KgTjVzbFGH/view?usp=drivesdk
BG/T/22646,https://drive.google.com/file/d/1BkEwngLNYqtikJtNFe0PTejZBRxYjWe-/view?usp=drivesdk
BG/T/22647,https://drive.google.com/file/d/1zJ-nHEN_sNexk_UtY5JqUjZvs-D7Hl3J/view?usp=drivesdk
BG/T/22648,https://drive.google.com/file/d/1-eP8qIaKbDQxD1TXFFYdSUar0WvD8s-b/view?usp=drivesdk
BG/T/22649,https://drive.google.com/file/d/1xfi0SEiNMzDLDk4Yj5s6oNCYRBm3Q_Qq/view?usp=drivesdk
BG/T/22650,https://drive.google.com/file/d/1-7nNaKGA5Dir2u7ArpnTmvdsoLQVy7Lf/view?usp=drivesdk
BG/T/22651,https://drive.google.com/file/d/1MpzKjzd8gWWF0l4dqjhfUNBDlWbMr-VS/view?usp=drivesdk
BG/T/22652,https://drive.google.com/file/d/1AatLlKGKayyT-S6aiEiNt0XDijAWXE4f/view?usp=drivesdk
BG/T/22653,https://drive.google.com/file/d/1hgDeXpzlol4WFY9FO9Vs4fl6jY7QRW1h/view?usp=drivesdk
BG/T/22654,https://drive.google.com/file/d/1RDFNU238Dt2LewhYOpPiMXkZIp4oPh8N/view?usp=drivesdk
BG/T/22655,https://drive.google.com/file/d/1yg-ss__PtqN236Wghv1WGRW4CAxdwQYi/view?usp=drivesdk
BG/T/22656,https://drive.google.com/file/d/1y8O9CpHJON9mipCtxwXEW7PRDavcLv3j/view?usp=drivesdk
BG/T/22657,https://drive.google.com/file/d/1ctIGmog2Hzr6Hn52qggjlMshNnkepmP5/view?usp=drivesdk
BG/T/22658,https://drive.google.com/file/d/1UnepOdnfOvf9uvFGPGRCKtN7aK9a2tu6/view?usp=drivesdk
BG/T/22659,https://drive.google.com/file/d/1knr0ztHrVW7IxRTkVTdH_TjLUqLEV5Be/view?usp=drivesdk
BG/T/22660,https://drive.google.com/file/d/1kfgviNerVjnQHdCNXxroh45NNSFrrPMB/view?usp=drivesdk
BG/T/22661,https://drive.google.com/file/d/1uOK7EoIFDO4D5WVJ2vnQKNm8aLXsUpQ6/view?usp=drivesdk
BG/T/22662,https://drive.google.com/file/d/1l1vQNLIhGeywZaHG19iGpniLsdkUdsGD/view?usp=drivesdk
BG/T/22663,https://drive.google.com/file/d/1BFGwibBI2DIZY2HFjayL3kCKkbsQ125V/view?usp=drivesdk
BG/T/22664,https://drive.google.com/file/d/1SfUe5Zeogz0KVWluCZCwalAdXksII2jc/view?usp=drivesdk
BG/T/22665,https://drive.google.com/file/d/1gFGZ7Hk7ak5igvnTqW8D0aWihAmFYjLT/view?usp=drivesdk
BG/T/22666,https://drive.google.com/file/d/1N5nfueUz0Cxp2-NWzwxd_2MU4ocQnGnq/view?usp=drivesdk
BG/T/22667,https://drive.google.com/file/d/1RNpikGaASpSCMgrHlftLOgIQ-y45YJVm/view?usp=drivesdk
BG/T/22668,https://drive.google.com/file/d/1o0QLKYzH13lAaqt12A0-2eXiDzrLYFS_/view?usp=drivesdk
BG/T/22669,https://drive.google.com/file/d/1oZ9B7B4F8gcfpQFXbjcfa3zaZRwwZ95d/view?usp=drivesdk
BG/T/22670,https://drive.google.com/file/d/1peUqiYm-GJ2y86JJqFK-17Lq6ZmrpO0p/view?usp=drivesdk
BG/T/22671,https://drive.google.com/file/d/1A7Xvc7vHyQ_qm8cPZ1UI7rmLG6444hic/view?usp=drivesdk
BG/T/22672,https://drive.google.com/file/d/1Y6dmReFDkjQV2pDcKa5_0PAd0GN5OLNA/view?usp=drivesdk
BG/T/22673,https://drive.google.com/file/d/1pMf2hC7pwlP7B5VtBZ5Do6XmSKKZPTa8/view?usp=drivesdk
BG/T/22674,https://drive.google.com/file/d/1YLMijaK1rMUj-bFcp1PAJbLUEMV578GU/view?usp=drivesdk
BG/T/22675,https://drive.google.com/file/d/1HR2Pr_hCz0PXDOiCMiTjQqRk5DErAoJ5/view?usp=drivesdk
BG/T/22676,https://drive.google.com/file/d/1B0X-G4hgvw70ccM8nkYKyz6zgS11Nf_S/view?usp=drivesdk
BG/T/22677,https://drive.google.com/file/d/1A1dvnq4z_2YnPJcHABhMxnu1fGs1IV0V/view?usp=drivesdk
BG/T/22678,https://drive.google.com/file/d/1tw9olh78sKseOJN9munXnWyIG5ZvAF7D/view?usp=drivesdk
BG/T/22679,https://drive.google.com/file/d/10FcyY3pOfTAe6E97U-bRweexdAKkU2tJ/view?usp=drivesdk
BG/T/22680,https://drive.google.com/file/d/1AHHMsDf4EX_wMhDeBVOEklZNMHuvQfg1/view?usp=drivesdk
BG/T/22681,https://drive.google.com/file/d/1RKKIFFfe-XVxzSCmCVhrWMC36GEaa8ak/view?usp=drivesdk
BG/T/22682,https://drive.google.com/file/d/1a_LAVTjq7mu52-xWDonJYADIDvNdie5x/view?usp=drivesdk
BG/T/22683,https://drive.google.com/file/d/1MmpAQ9F5zafIvxtAlE0uGyaGgU-FegO0/view?usp=drivesdk
BG/T/22684,https://drive.google.com/file/d/1e150Kne4by-TWZZc3lgfrhNTzGG0ZlXG/view?usp=drivesdk
BG/T/22685,https://drive.google.com/file/d/1F_mNAh5AXbTgiW7x_e46Fz2wxRamm3dk/view?usp=drivesdk
BG/T/22686,https://drive.google.com/file/d/1ZZpNKP-jr6GbPBumRCFfaUhSxb6subZf/view?usp=drivesdk
BG/T/22687,https://drive.google.com/file/d/1n-hZDzweVajEmbXYv0hheKvkey_C51yf/view?usp=drivesdk
BG/T/22688,https://drive.google.com/file/d/1u1PkR1EG-b7x5fAq-4_S_zfawVkMFTHg/view?usp=drivesdk
BG/T/22689,https://drive.google.com/file/d/1q_9k6cHnF3QDr75UZ1dvzgJp9WCYed7Y/view?usp=drivesdk
BG/T/22690,https://drive.google.com/file/d/1u56kuVanQg5AwblhmK-We5uvW6s96hca/view?usp=drivesdk
BG/T/22691,https://drive.google.com/file/d/17BUCNY749vCATLkPEmJt86_uI2DIboBj/view?usp=drivesdk
BG/T/22692,https://drive.google.com/file/d/1nuojdaa2zIfoGwt0Un3XRuvxw3y352iw/view?usp=drivesdk
BG/T/22693,https://drive.google.com/file/d/1YVjrniVArCUe99VRKOaEE4VDR0G-CSgx/view?usp=drivesdk
BG/T/22694,https://drive.google.com/file/d/1cMrM2Z0zxE2Dzddxt-n6q58gbHtNpgXQ/view?usp=drivesdk
BG/T/22695,https://drive.google.com/file/d/1qNipbXI0-MdSJ1WL4cjH3ua7STcNXT7D/view?usp=drivesdk
BG/T/22696,https://drive.google.com/file/d/1N6FVLwfjMx8O4H9Tpl8p-Ces272cxhqM/view?usp=drivesdk
BG/T/22697,https://drive.google.com/file/d/1L97EUx5hYFA_ojho3ZvQa987qFBYKmjZ/view?usp=drivesdk
BG/T/22698,https://drive.google.com/file/d/1w35K54ig6y9DxmCN61nvIT1vt5N4xYkM/view?usp=drivesdk
BG/T/22699,https://drive.google.com/file/d/1o1h2uZ9XDtfKe10giPcLPFOX1cwA9_tk/view?usp=drivesdk
BG/T/22700,https://drive.google.com/file/d/1rvDtlA_sZTuJ2hirOh4f5-w95pElrvdl/view?usp=drivesdk
BG/T/22701,https://drive.google.com/file/d/1ShzDoXccRWFUoSg11osfPZLVBDrpaR0U/view?usp=drivesdk
BG/T/22702,https://drive.google.com/file/d/1nO5Xtpwqs3C26dF1KB69dS365BgRLrBs/view?usp=drivesdk
BG/T/22703,https://drive.google.com/file/d/1B_XjXpnySPAyjJcT4XVUds0t-5-3o52O/view?usp=drivesdk
BG/T/22704,https://drive.google.com/file/d/1OSykzqA3lSZkRdJKNRxu8IRPhUpzZo5r/view?usp=drivesdk
BG/T/22705,https://drive.google.com/file/d/1XRspOli0XKbbEjbXSCkez3q_AWd5ffvv/view?usp=drivesdk
BG/T/22706,https://drive.google.com/file/d/1JbSfymH5R7jtrS_dkK3ZbUDz5Q7PIvel/view?usp=drivesdk
BG/T/22707,https://drive.google.com/file/d/1IKJ-hxujgvYuBU4bgvG8QXAAWfWIjWcO/view?usp=drivesdk
BG/T/22708,https://drive.google.com/file/d/1VFgG1rqVPavNbiwZjFQDeB833rnpcvNc/view?usp=drivesdk
BG/T/22709,https://drive.google.com/file/d/1FrjDC3EkdqXG2RQEzFurygHJI3tA8pao/view?usp=drivesdk
BG/T/22710,https://drive.google.com/file/d/1uszAh9rWQM_jh1JYGgWnyKDH-AHbWyTk/view?usp=drivesdk
BG/T/22711,https://drive.google.com/file/d/1gCannXRCyhE8Kl3HrakYduMFiPu_GADg/view?usp=drivesdk
BG/T/22712,https://drive.google.com/file/d/1UPjEsthqShk7S6NAtXw_yS6WgeuwDdXM/view?usp=drivesdk
BG/T/22713,https://drive.google.com/file/d/1l9AElQ6WlfLCwpoEKKxcRtDD808bxcJJ/view?usp=drivesdk
BG/T/22714,https://drive.google.com/file/d/1O8Z1mjtVZsPxgQag2y9WuO02yelb97j5/view?usp=drivesdk
BG/T/22715,https://drive.google.com/file/d/1CDHyVRtGl6mO__lMx55yp3FnwAwHBrOR/view?usp=drivesdk
BG/T/22716,https://drive.google.com/file/d/1Kya9nSC_0295CEut_30RPithaPM7lye_/view?usp=drivesdk
BG/T/22717,https://drive.google.com/file/d/1VWvhmcmGix-jz67cflfiW-UUJnNWzXky/view?usp=drivesdk
BG/T/22718,https://drive.google.com/file/d/1EUR7Q0fSAJM_7rHC29n9SgXO4bwnKfdn/view?usp=drivesdk
BG/T/22719,https://drive.google.com/file/d/1a3L8mJAh7wkyPQMfLbBekFDkuzmYSHEu/view?usp=drivesdk
BG/T/22720,https://drive.google.com/file/d/1AZ8DX12nkDIiXDVikb-CFnEw5t5e1g7B/view?usp=drivesdk
BG/T/22721,https://drive.google.com/file/d/1ncS6q79ZWLjIfNQlH5PFP5XBbRwgTMYq/view?usp=drivesdk
BG/T/22722,https://drive.google.com/file/d/1PFNJI-7a99FcmqUNc-V5BISR2ufydRiT/view?usp=drivesdk
BG/T/22723,https://drive.google.com/file/d/1BWeMcdOIzJPfaL7xT5kmKyHlHxAcU0iL/view?usp=drivesdk
BG/T/22724,https://drive.google.com/file/d/1YKzAVoUOzGS5xujeOgvEtID12loYYJew/view?usp=drivesdk
BG/T/22725,https://drive.google.com/file/d/1edYtAmd6qQ4Vp754EUffPudIb5iHSp_p/view?usp=drivesdk
BG/T/22726,https://drive.google.com/file/d/1zv8ED8XhF67529IEWx2e-v75ykSBXrj3/view?usp=drivesdk
BG/T/22727,https://drive.google.com/file/d/1w6g4U4ENd5EZ-Hf4CHAVzuLi4TqqCMPy/view?usp=drivesdk
BG/T/22728,https://drive.google.com/file/d/13G7wc6uE0-Jn2oA4z-g_k_IOLGq8gZTh/view?usp=drivesdk
BG/T/22729,https://drive.google.com/file/d/109aOL1_1FngcQzEgZmPIQaTCpesH747h/view?usp=drivesdk
BG/T/22730,https://drive.google.com/file/d/1bzTwSQhTlnAJbs65CAOSNsLUmdUHqebQ/view?usp=drivesdk
BG/T/22731,https://drive.google.com/file/d/1gKdNXl0CXfydowwZWRav0Wb8hKGwIrA2/view?usp=drivesdk
BG/T/22732,https://drive.google.com/file/d/1iMJOyrJv1z7iqUBYD5jBr3Obqt4n0K7O/view?usp=drivesdk
BG/T/22733,https://drive.google.com/file/d/1f70g32olKsap8voxWpCKWg3ZOXIj5ipb/view?usp=drivesdk
BG/T/22734,https://drive.google.com/file/d/1gJFrn_29FmQzqaRXdp1R6HHE9NMC7v-t/view?usp=drivesdk
BG/T/22735,https://drive.google.com/file/d/1MSwuV1NmJ2U5gcZ5z9jsDmLnJuDFCMo9/view?usp=drivesdk
BG/T/22736,https://drive.google.com/file/d/1aw1kHm1c6nUn5tRQHGA_6ubkFhh_Z9mP/view?usp=drivesdk
BG/T/22737,https://drive.google.com/file/d/1WTYL70j3cApK-F1TgpDkANbhmmIdtw79/view?usp=drivesdk
BG/T/22738,https://drive.google.com/file/d/1vYoG3o4pLHqd9oK8EWjDX3VC7_0zCbhF/view?usp=drivesdk
BG/T/22739,https://drive.google.com/file/d/1IquczIkhpFKJwWUh7p7n3CIDeNKDk1_q/view?usp=drivesdk
BG/T/22740,https://drive.google.com/file/d/1sm73QzUSYj1IQGud5rfYV_AWvs2Xbc0v/view?usp=drivesdk
BG/T/22741,https://drive.google.com/file/d/1GaY-HfF2_KGDbzTfWsIl2E48MDM_MeuO/view?usp=drivesdk
BG/T/22742,https://drive.google.com/file/d/1P0ifAHMz1LrV9J6yS7IchXP2wUAogFcs/view?usp=drivesdk
BG/T/22743,https://drive.google.com/file/d/1yoT5vkar1_BKN4KZ2V3jRCv-hUHaibI2/view?usp=drivesdk
BG/T/22744,https://drive.google.com/file/d/1ZmmZkm3hfiv2AZl8vGgJeTT-MQuqAPEe/view?usp=drivesdk
BG/T/22745,https://drive.google.com/file/d/1vscr-Ehu6aszExHQiEaYp1fEx-hsRCSz/view?usp=drivesdk
BG/T/22746,https://drive.google.com/file/d/1dY-1EaFAGrdGet8zDKh-2ujcC5-T9xCA/view?usp=drivesdk
BG/T/22747,https://drive.google.com/file/d/1sIXO4YY_0NQ74YeykCQ3OBYODOl0WVuu/view?usp=drivesdk
BG/T/22748,https://drive.google.com/file/d/1lR1y3n0TxIT8ZHaexRcayzWBf7XsXSNS/view?usp=drivesdk
BG/T/22749,https://drive.google.com/file/d/1K5FzSmk11OM1plyQeQb6PZgvYRcTCxtE/view?usp=drivesdk
BG/T/22750,https://drive.google.com/file/d/1iexLtyUWp8ZF4lGOuuXX80x39XnmCUTk/view?usp=drivesdk
BG/T/22751,https://drive.google.com/file/d/1SuozHf_hI2LjcEQbkDpB2GYGifjMiBUC/view?usp=drivesdk
BG/T/22752,https://drive.google.com/file/d/19lBIYZZ6bosPttkJfLFgig-SpsChiYoi/view?usp=drivesdk
BG/T/22753,https://drive.google.com/file/d/1upj-F1PZHoTQKayFfmabLjaWDnItXczW/view?usp=drivesdk
BG/T/22754,https://drive.google.com/file/d/18xiNKCL7WcfNVHQGCbbwDBad1EY3-1Oa/view?usp=drivesdk
BG/T/22755,https://drive.google.com/file/d/1SuKaSmw2uvdt75v81RKBfYZmRkwdv1Ys/view?usp=drivesdk
BG/T/22756,https://drive.google.com/file/d/1qKM85BUd-wKT1mpOyyojnYee-JHPVdZ9/view?usp=drivesdk
BG/T/22757,https://drive.google.com/file/d/19xIZgoFrVsyB0BxlEV4W5O6lD2Z5KWdc/view?usp=drivesdk
BG/T/22758,https://drive.google.com/file/d/1I3MCb-xXmWVk0XEI5Y2FlF9Q2Vw3jh7G/view?usp=drivesdk
BG/T/22759,https://drive.google.com/file/d/1jx1p6ZFcFLY1ZZQfveco0H9RdGKVZq9c/view?usp=drivesdk
BG/T/22760,https://drive.google.com/file/d/18FaiLMAqxjBpaiJR5Bq3S3HShzTFFozZ/view?usp=drivesdk
BG/T/22761,https://drive.google.com/file/d/1FskyBs7VNE87UXxY5RKRy642-5RitEZk/view?usp=drivesdk
BG/T/22762,https://drive.google.com/file/d/11oRW1YbMKbg9omxWsnp6EhRSnC0xgDsb/view?usp=drivesdk
BG/T/22763,https://drive.google.com/file/d/1R5ht5r0Y8WLB-DpTGVod5-_xy5H1WXq1/view?usp=drivesdk
BG/T/22764,https://drive.google.com/file/d/1prVpr9G8-neEBNCekBv9Xc1f4AukN7nx/view?usp=drivesdk
BG/T/22765,https://drive.google.com/file/d/1jf_cTXWPcojzGCncBW1DdCpDTtXOgUG3/view?usp=drivesdk
BG/T/22766,https://drive.google.com/file/d/1gGjmQS418JkJjxMe7FLiMdg6Upsnvb-C/view?usp=drivesdk
BG/T/22767,https://drive.google.com/file/d/1M53q-WVywpOnL-ZBJft1eiVkt5lHh3vp/view?usp=drivesdk
BG/T/22768,https://drive.google.com/file/d/1KUEyfMu4D_SIuU_l83lUcHW2KvBEPXDd/view?usp=drivesdk
BG/T/22769,https://drive.google.com/file/d/1K1yBF2_WXJF1LWx16Rdb7pCOQi3xTs1z/view?usp=drivesdk
BG/T/22770,https://drive.google.com/file/d/16FVPfLdF6Cl-xAXnYzfaZOPjIYm2cBly/view?usp=drivesdk
BG/T/22771,https://drive.google.com/file/d/1hTmUY-tuVUxi0cIQdwKzQ0R_oAiCBuht/view?usp=drivesdk
BG/T/22772,https://drive.google.com/file/d/19uWEONZhDupLX98Xtzcwrrj5XXx2xrQ_/view?usp=drivesdk
BG/T/22773,https://drive.google.com/file/d/1MbbXI4V7Z2XDdTMt5tf7P11omiXZgYan/view?usp=drivesdk
BG/T/22774,https://drive.google.com/file/d/1Ws_b2nq_6AN7tN3h6ez8LQgUqLapHNKM/view?usp=drivesdk
BG/T/22775,https://drive.google.com/file/d/1UGSir8OIQGDwui3Ul93tmYOdTgBa-2wH/view?usp=drivesdk
BG/T/22776,https://drive.google.com/file/d/12mze3oVNzDl5zVEbK6AjHoE6jOVgaFDM/view?usp=drivesdk
BG/T/22777,https://drive.google.com/file/d/1dW1BiT8v1rwSos3JDJH3rZfCdSn6GTOt/view?usp=drivesdk
BG/T/22778,https://drive.google.com/file/d/19jMdwJ9nJXUR_Da0j_GuHqmQ7Kh7tCTk/view?usp=drivesdk
BG/T/22779,https://drive.google.com/file/d/1N2CdAhBp8pou4J4YTiFT6MIpTmiz6fyj/view?usp=drivesdk
BG/T/22780,https://drive.google.com/file/d/1XxuxBwtAAevz9_FrX25cDerfT9WnKvXa/view?usp=drivesdk
BG/T/22781,https://drive.google.com/file/d/1yCrnYv-RkJlsLx63DdP8EGJ5DaELV-I8/view?usp=drivesdk
BG/T/22782,https://drive.google.com/file/d/1qUgU9_PW_LnReUAVz7pAAiYrYfKu3gJy/view?usp=drivesdk
BG/T/22783,https://drive.google.com/file/d/1mVnIbbRBv5rU2GrtHY8dbzCIRgsym-wn/view?usp=drivesdk
BG/T/22784,https://drive.google.com/file/d/1Cl3bk0EZNOw22XG2QS_B3-7yuYI2xXhl/view?usp=drivesdk
BG/T/22785,https://drive.google.com/file/d/1GBSQqfIuZlhnSnDjHcwYwjkCK7FZUEs6/view?usp=drivesdk
BG/T/22786,https://drive.google.com/file/d/18otxyM7Sgl1sgKR2P6F7uSmxyXVesHQY/view?usp=drivesdk
BG/T/22787,https://drive.google.com/file/d/1XhsUsQsc29ubd-UNzeKX52hgSwsaC83d/view?usp=drivesdk
BG/T/22788,https://drive.google.com/file/d/1BHZMHoLfoRN9zM6-XUMJKXmxgubFncQK/view?usp=drivesdk
BG/T/22789,https://drive.google.com/file/d/14qyqeWyzhzl5OQws3GblQzBOpbRl0cJK/view?usp=drivesdk
BG/T/22790,https://drive.google.com/file/d/1e-IXrhAmwog16X3fxlP6atblrJC5-Z3b/view?usp=drivesdk
BG/T/22791,https://drive.google.com/file/d/1W_IvEPzr0r1c6BFlfxNkQQWPohVh5yST/view?usp=drivesdk
BG/P/000535019297,https://drive.google.com/file/d/1YfU3HiaT2AkaS5zyDKgG1ZQkoytZHJaV/view?usp=drivesdk
BG/P/000535019293,https://drive.google.com/file/d/18dGC2znGJnAD_s0m-dUkAuJBTRTrQbXr/view?usp=drivesdk
BG/P/000535019292,https://drive.google.com/file/d/1xpX6pOHJtSXOPgFvOBnX_sJVa1UmRSEL/view?usp=drivesdk
BG/P/000535019289,https://drive.google.com/file/d/1eD_N7ARM7bAIbRuMFq1GYMYgvFuiSMvp/view?usp=drivesdk
BG/P/000535019286,https://drive.google.com/file/d/1_2wC4V0Q0dsHahT2bd2boYxQi13hZdrT/view?usp=drivesdk
BG/P/000535019279,https://drive.google.com/file/d/1JgMirvdR0ygvyoyOvqG3nh0-5tLTI8ET/view?usp=drivesdk
BG/P/000535019278,https://drive.google.com/file/d/1xdAvIOFpHm3RkyyVLWelPZZQ6oa52mjy/view?usp=drivesdk
BG/P/000535019275,https://drive.google.com/file/d/1RrKbjc5H9zons3k8MHdqgFBmRfE22EjT/view?usp=drivesdk
BG/P/000535019274,https://drive.google.com/file/d/1QpBtos6D3ZD7OMOx4ICewrKCFQXtE6cu/view?usp=drivesdk
BG/P/000535019273,https://drive.google.com/file/d/1Kjy8TcJRexURsLLvxGqAtA53xpBRkl73/view?usp=drivesdk
BG/P/000535019272,https://drive.google.com/file/d/1xh0wbtMpvyiW90L242kb4au-iV2pKHfc/view?usp=drivesdk
BG/P/000535019270,https://drive.google.com/file/d/1UHuGfz9F53t8x6yLWFZbEVsDfKEcA4BR/view?usp=drivesdk
BG/P/000535019269,https://drive.google.com/file/d/1CSQxUuA_W79k2BbE5diGHtgqLpIKRQnL/view?usp=drivesdk
BG/P/000535019268,https://drive.google.com/file/d/1EFQCu2NuJrrji1EVigjipDfaU2gnoqkF/view?usp=drivesdk
BG/P/00535019212,https://drive.google.com/file/d/1jCI0kSkVZtnD0rZr5oj6mmBRj85d6rrh/view?usp=drivesdk
BG/P/00535019209,https://drive.google.com/file/d/1mFB224V8tkUvlXN8G6UY3HpMMCuVGGdi/view?usp=drivesdk
BG/P/00535019138,https://drive.google.com/file/d/1lRFwvH9R8zTEblS0MQrkc-qv558OxdbC/view?usp=drivesdk
BG/P/00535019136,https://drive.google.com/file/d/18B7QFtGGiD-UcK6fQt5hBiNIBN7T5CUC/view?usp=drivesdk
BG/P/00535019135,https://drive.google.com/file/d/19tU0VQYHDzAvI1j_t1HTAAd92UQgwygu/view?usp=drivesdk
BG/P/00535019133,https://drive.google.com/file/d/1LQaFfCmBH6xormq423rJmGF8z7tkrkzp/view?usp=drivesdk
BG/P/00053458,https://drive.google.com/file/d/1kqW1qYS9g1adfURE3K0KIZn0aOt65uy9/view?usp=drivesdk
BG/P/00053454,https://drive.google.com/file/d/1ufsvM7Ycb-4ZwJf4Lpx946L8UWWKPHYy/view?usp=drivesdk
BG/P/00053448,https://drive.google.com/file/d/1Qg3IX7nPgjBtp0SBxWvZoIr2WLw52Dgc/view?usp=drivesdk
BG/P/00053447,https://drive.google.com/file/d/1vzmgd0RJWhFNxMBOE9cAQUTPHo8MgagQ/view?usp=drivesdk
BG/P/00053436,https://drive.google.com/file/d/1pUI6nhG6BxyLzyTvdk9d8HI2LvXF2h8Y/view?usp=drivesdk
BG/P/00053435,https://drive.google.com/file/d/1yyM2RN99z2N2VIpXPpTWH_8XDSVjaydQ/view?usp=drivesdk
BG/P/00053434,https://drive.google.com/file/d/1Rcg770wLF8QLFGNaKlJVYvXEnDr8H7tL/view?usp=drivesdk
BG/P/00053440,https://drive.google.com/file/d/1ThKfM4JopHb-WobEFliY7KGcHlWx16ze/view?usp=drivesdk
BG/T/22754,https://drive.google.com/file/d/18xiNKCL7WcfNVHQGCbbwDBad1EY3-1Oa/view?usp=drivesdk
BG/T/22792,https://drive.google.com/file/d/1_A3WB6xWTMM2ncFCJaM-UBKj1FQV5gw8/view?usp=drivesdk
BG/T/22117,https://drive.google.com/file/d/1Z-AMOQ188h9CxPKyojPVhm6_EdwdtRDF/view?usp=drivesdk
BG/T/19918_1,https://drive.google.com/file/d/1CVMT_EIDGK9_r_DNezffGF_W10K8LgNm/view?usp=drivesdk
BG/T/22793,https://drive.google.com/file/d/1NtD5aQxqsyxGZUjjM25NIAGSOwXOzCcf/view?usp=drivesdk
BG/T/22795,https://drive.google.com/file/d/1VVd1mw3AIII4xIYkoJwAzWNrAoLnDlIn/view?usp=drivesdk
BG/T/22794,https://drive.google.com/file/d/1FYdBcZTob_NOBd_K4dFJR-pJ-W-VP5nH/view?usp=drivesdk
BG/T/22796,https://drive.google.com/file/d/1Vc6JI9n8BAKLRW60rYCO7lbOlyMnGQzK/view?usp=drivesdk
BG/E/30105,https://drive.google.com/file/d/1bX7FVhygL971ouxIWuSd-Y338SRzQpNO/view?usp=drivesdk
BG/E/30660,https://drive.google.com/file/d/1iG9WXjZ1pHTIXKqzPvyHxQZznFBY25KM/view?usp=drivesdk
BG/T/21941,https://drive.google.com/file/d/15KlkGTcIGfH_v5kdHrBkk67oXiao-Gao/view?usp=drivesdk
BG/E/29912,https://drive.google.com/file/d/19apF8TIa2h0hPSe6JZBtRbqkmHIzJ1zz/view?usp=drivesdk
BG/E/30703,https://drive.google.com/file/d/17_Fh7iEk0qYamab3nOnERxVA76CgX7xw/view?usp=drivesdk
BG/E/30704,https://drive.google.com/file/d/1nCtKkKZGRTNZY8wkLwhCne-uMq_wV6qQ/view?usp=drivesdk
BG/T/22165,https://drive.google.com/file/d/1v27ZrjMIaIoUTX27FAPNu1j8uEX41aAo/view?usp=drivesdk
BG/E/30706,https://drive.google.com/file/d/1BzXwdj50DggKZd9OBywLL57xtCfRjYbm/view?usp=drivesdk
BG/E/30705,https://drive.google.com/file/d/1VkXjWpkDyMD28RhJppOPjxl9XN5Yjkv1/view?usp=drivesdk
BG/T/22797,https://drive.google.com/file/d/1m2ua1qPbNiRoBVrMfGTP-eMb1DKqW6AK/view?usp=drivesdk
BG/T/22799,https://drive.google.com/file/d/1TGFEDtZSpDvwZtG_o1JU1Rw1COwNcxxL/view?usp=drivesdk
BG/T/22798,https://drive.google.com/file/d/1ZST1VblIYtsfXqC4iX8A_mczkQynO0zg/view?usp=drivesdk
BG/T/22801,https://drive.google.com/file/d/1cXFhaFz-5lrI0C95JsvN5iIxNk-xj1IV/view?usp=drivesdk
BG/T/22800,https://drive.google.com/file/d/1IGfdGjdMtadx7ceL-6PCsrw_VvsVZD8-/view?usp=drivesdk
BG/T/22802,https://drive.google.com/file/d/1qgoAoHZlzarum6KREDySGsLHvemJHszd/view?usp=drivesdk
BG/T/22803,https://drive.google.com/file/d/1E92exdHUzSZZ4XsTmSrlpTEglgCymOCi/view?usp=drivesdk
BG/T/22804,https://drive.google.com/file/d/1KMbRNgVgO42rGBK9G4wzzDLjjIyjkxDL/view?usp=drivesdk
BG/T/22805,https://drive.google.com/file/d/1IM15HyIXsG9lJtJqLbLY8a17fJbhaMVI/view?usp=drivesdk
BG/T/22806,https://drive.google.com/file/d/1UL9KaUdic9gj_FCpAfQP6IwxELOweEBB/view?usp=drivesdk
BG/T/22808,https://drive.google.com/file/d/1q93EuTOnU9JiEpfxXS6_TbdnBvU55XPX/view?usp=drivesdk
BG/T/22807,https://drive.google.com/file/d/1ZrIv8tIylXzvh1G2OhBwx-o2_GQlfoQ8/view?usp=drivesdk
BG/T/22810,https://drive.google.com/file/d/1OvYoAj0bCxOWpl9chtg1zvJtbwCkUq00/view?usp=drivesdk
BG/T/22809,https://drive.google.com/file/d/1qujWaqkPBKhn_0iOPltAy6cnrAqbf-8x/view?usp=drivesdk
BG/T/22812,https://drive.google.com/file/d/1gUUrOoDVLcSbyauB7lNLlJ_B9ITiSbqJ/view?usp=drivesdk
BG/T/22811,https://drive.google.com/file/d/1lg3ASn6BuepPLapnkXKz0EoIhKY-gIPu/view?usp=drivesdk
BG/T/22813,https://drive.google.com/file/d/1Im-NkNA2pWmvAVxYpw1GeXYEKnYJkpR2/view?usp=drivesdk
BG/T/22815,https://drive.google.com/file/d/1AKH3REyadN7Cq_TAnZszxWzoTRO5B7O7/view?usp=drivesdk
BG/T/22814,https://drive.google.com/file/d/1gzWL-R52VQtkeqpiRfyHIw4eV9qIUfT2/view?usp=drivesdk
BG/T/22817,https://drive.google.com/file/d/1hp94_YCnai1ElLQjP7johgBIrU8RExC8/view?usp=drivesdk
BG/T/22816,https://drive.google.com/file/d/1LUd7_NFsvp_XKp5pw_4G5e527zyGGClm/view?usp=drivesdk
BG/T/22819,https://drive.google.com/file/d/10qpAREUyMjW957GAQ3HAdRDqL0X3woG0/view?usp=drivesdk
BG/T/22818,https://drive.google.com/file/d/1e9GB5phpVgZW7JLzif3FmL7YTy6SBVNv/view?usp=drivesdk
BG/T/22821,https://drive.google.com/file/d/1WaimgkvtGp_eT6UXGK8-lew4n1-3jvzg/view?usp=drivesdk
BG/T/22820,https://drive.google.com/file/d/11JGeCl0NFtS1yKYZxBTvV7XkAZgcjfxC/view?usp=drivesdk
BG/T/22823,https://drive.google.com/file/d/14ikEXlElYdeZUPOFqefDc-De48jI6aa0/view?usp=drivesdk
BG/T/22822,https://drive.google.com/file/d/11Oo2Kk34RFEs2zApNhuGY7PWkYHLvL3h/view?usp=drivesdk
BG/T/22825,https://drive.google.com/file/d/10IzthGURpMllUr4feWDKC3c4ZXAl3_3h/view?usp=drivesdk
BG/T/22824,https://drive.google.com/file/d/1Oclv7PxRZCUdtIa1ecWtYLKvse9xCP7D/view?usp=drivesdk
BG/T/22827,https://drive.google.com/file/d/16pk3xGnw0xqnTDaTXlvKkVvzeGyY-kwB/view?usp=drivesdk
BG/T/22826,https://drive.google.com/file/d/1PFFMa7IaT36xKR0I65_3_lbxXC9O_asS/view?usp=drivesdk
BG/T/22828,https://drive.google.com/file/d/1tw6uACshjV8nCIABSAcY_5HpbVTB2x7i/view?usp=drivesdk
BG/T/22830,https://drive.google.com/file/d/14HQek3cMRt9EjlLD33LGiDnw-L-efwk-/view?usp=drivesdk
BG/T/22829,https://drive.google.com/file/d/1c0Duv9pznkUBjXwDokAOt5g50bBTrtVk/view?usp=drivesdk
BG/T/22831,https://drive.google.com/file/d/1rVVu6BeJLscniwdFc1Jodcfz0i-xI8T1/view?usp=drivesdk
BG/T/22833,https://drive.google.com/file/d/1-WiUjxkUWb-ijr6JZGCOJdKqje_EF1rV/view?usp=drivesdk
BG/T/22832,https://drive.google.com/file/d/13A5FEoclgqlpyn1Zbucy5vvrvL7QKOmk/view?usp=drivesdk
BG/T/22834,https://drive.google.com/file/d/1rGtOqQMtorb9rFfznamhWploZ2CmdWGB/view?usp=drivesdk
BG/T/22836,https://drive.google.com/file/d/1QUYvFcuxEZeKpaiNHLDLTtGCqtIpagc4/view?usp=drivesdk
BG/T/22835,https://drive.google.com/file/d/1KrgaA-6_3MVSoNo6Xcs17pIARaiz7nSd/view?usp=drivesdk
BG/T/22838,https://drive.google.com/file/d/1He4u5dB94nWiZ_uEUAdmN5R4W36oWZJV/view?usp=drivesdk
BG/T/22837,https://drive.google.com/file/d/1C8El2_V2GENstYS8MmOGOcht3gj-JXzR/view?usp=drivesdk
BG/T/22840,https://drive.google.com/file/d/1nIWvNeoqkWWV3xjO-p3jQHy9WdYJLzDo/view?usp=drivesdk
BG/T/22839,https://drive.google.com/file/d/1G5dTJFgmHbRTHPnqJoyntezSfSzyQuZj/view?usp=drivesdk
BG/T/22841,https://drive.google.com/file/d/1eWVUEDI62tI-0WpoOJEsDd_4E2JGvtdG/view?usp=drivesdk
BG/T/22842,https://drive.google.com/file/d/1Nfdr_QR9Q0PUntGnCKUjcgixabbEtzbD/view?usp=drivesdk
BG/T/22843,https://drive.google.com/file/d/1aIvD2SBqN0A8vX8pzf7SPBHsRFCADSdY/view?usp=drivesdk
BG/T/22845,https://drive.google.com/file/d/1yhB6Qxjk4N3XzD5Bs2Lke9V8JuBpOMIz/view?usp=drivesdk
BG/T/22844,https://drive.google.com/file/d/1BGbvXVs_c4ic9sc66qm0SNXGWxpTkQCT/view?usp=drivesdk
BG/T/22847,https://drive.google.com/file/d/1gyJ3YFPcL3VHTA4iLod60gm30rbKOolf/view?usp=drivesdk
BG/T/22846,https://drive.google.com/file/d/1oNTrc3ZhMIQyLcWv0ACaGLP9R6xzQrww/view?usp=drivesdk
BG/T/22849,https://drive.google.com/file/d/1POrDCTQSPJ2saYgqke2hfgcA83ojmfUw/view?usp=drivesdk
BG/T/22848,https://drive.google.com/file/d/12invt9e3acdN6SjJVzWt5OHmsx2CVj0R/view?usp=drivesdk
BG/T/22850,https://drive.google.com/file/d/1fhwqO8g998J7GYU4U4brClZCVqmqltBW/view?usp=drivesdk
BG/T/22852,https://drive.google.com/file/d/1NJiS23vym4kkVybupnEfAAKqVsd3rpQk/view?usp=drivesdk
BG/T/22851,https://drive.google.com/file/d/1W8r9TcK2sagMjaj2KgI6vd7agf2u3mq3/view?usp=drivesdk
BG/T/22853,https://drive.google.com/file/d/1OeDY-jPmk8oUlT011cAkWvI4YjTYNWJR/view?usp=drivesdk
BG/T/22854,https://drive.google.com/file/d/17rbCqa9SroKlDAvEH6i3bWtu8KO-_W4k/view?usp=drivesdk
BG/T/22855,https://drive.google.com/file/d/1HB9egO4O8OEH6ubRphIuuRLlE6Ufa6Pg/view?usp=drivesdk
BG/E/30707,https://drive.google.com/file/d/16zolI9qswHLRk6AnQOWxaXYW6nCYgRVJ/view?usp=drivesdk
AI/F/5770,https://drive.google.com/file/d/199enJCpyI4SjnWbnaJlsK8Dee7CPswpb/view?usp=drivesdk
BG/T/22856,https://drive.google.com/file/d/1NULTGKerZvC-h1Cjb_YTlYcd3QO4tncg/view?usp=drivesdk
BG/T/22857,https://drive.google.com/file/d/1xitu8-4b6D4y6Z0PiGumaDKfjoTZ9g4o/view?usp=drivesdk
BG/T/22858,https://drive.google.com/file/d/1fuw0jPhiURC3BGHzc6NCszzlPS6mh982/view?usp=drivesdk
BG/T/22859,https://drive.google.com/file/d/1x0KWFNakPfJmfzq6opqUAxtbbINNE9FR/view?usp=drivesdk
BG/T/22860,https://drive.google.com/file/d/1Wt-PCnhwOLlOvwr9bu91QtcYGnvewFtT/view?usp=drivesdk
BG/T/22861,https://drive.google.com/file/d/1d5d8Of3JMuQMJx-UKz1VMojY1yLtghY_/view?usp=drivesdk
BG/T/19876,https://drive.google.com/file/d/1CcfPe4tH5c7pOf62FIhkMiVfAOtkbDPI/view?usp=drivesdk
BG/T/19030,https://drive.google.com/file/d/1gA43QZkG2MjxW1CXS1OiJ12aw_OyfJec/view?usp=drivesdk
BG/T/18224,https://drive.google.com/file/d/1sU4wYInxEZ2ZttEnffaFVIzYd33F-AR1/view?usp=drivesdk
BG/T/16787,https://drive.google.com/file/d/1s_zDoWR-7Vks1LLDcUsRcmyTG757TIod/view?usp=drivesdk
BG/T/X0547,https://drive.google.com/file/d/1t4DNip54mXfwqkM_BiovApibMmtRPDWd/view?usp=drivesdk
BG/T/19625,https://drive.google.com/file/d/1zIkcKYW0Ex6qbZKsrPESOdQi2vtXWGRx/view?usp=drivesdk
BG/T/19875,https://drive.google.com/file/d/1vyhLkeisZx__zrE00eKHZ7a0kYLKqi9H/view?usp=drivesdk
BG/T/19136,https://drive.google.com/file/d/1XfZoKRR4hS77OFy-xBHkukAZKw6r0EyV/view?usp=drivesdk
AI/F/5988,https://drive.google.com/file/d/17t55N3kzDtzTN6bxqVKgr7u0CCSPzX8j/view?usp=drivesdk
AI/F/5770,https://drive.google.com/file/d/199enJCpyI4SjnWbnaJlsK8Dee7CPswpb/view?usp=drivesdk
BG/T/22862,https://drive.google.com/file/d/1KMM-wr1ZxWJxSaTtJCUnWLkc9LuxPgBe/view?usp=drivesdk
BG/E/30714,https://drive.google.com/file/d/1qXOq8Q7cM2uPy2ju4pTR8zmB9LwYMdKt/view?usp=drivesdk
BG/E/30713,https://drive.google.com/file/d/1P_rrQTiIqKMf6L2rL2hH3LFFBfItVL48/view?usp=drivesdk
BG/E/30712,https://drive.google.com/file/d/1MUTctnU3WnQlLFFogeQR-0PqyKpdxTmU/view?usp=drivesdk
BG/E/30711,https://drive.google.com/file/d/1h7sA7Ov_VLHnZ25WD2RRJlz-DuUj16Gj/view?usp=drivesdk
BG/E/30710,https://drive.google.com/file/d/1ACHohYVl5NH4xmXa8HrVFxFE7komXaEW/view?usp=drivesdk
BG/E/30709,https://drive.google.com/file/d/1MU1oECllisHZ5tNzJcM0MSSibT9WmaQl/view?usp=drivesdk
BG/E/30708,https://drive.google.com/file/d/1ttTKlQuhw7jNdoeY1BXNCqOyrL0eAuN9/view?usp=drivesdk
BG/T/22864,https://drive.google.com/file/d/1DHh7mPFqcgTAYirXt8swQwizD_5CptMJ/view?usp=drivesdk
BG/T/22863,https://drive.google.com/file/d/1qiTJ_pYFXfYlNs5R06yTL7LvfascQgt5/view?usp=drivesdk
BG/T/22865,https://drive.google.com/file/d/1Hjxg2gYA1S5jXrQdGR0bjHphUJXkLUYD/view?usp=drivesdk
BG/T/22866,https://drive.google.com/file/d/1JDUT97XQl40zI24hTw6EqNlZbCDk5OPY/view?usp=drivesdk
BG/MN/3215,https://drive.google.com/file/d/1DTw8YDweWhUosU0G4vod_bEb77eQ7ydE/view?usp=drivesdk
BG/MN/3219,https://drive.google.com/file/d/1zj1IaY5TJNg3E63qyZ_NE0XmEwrkAYo8/view?usp=drivesdk
BG/MN/3181,https://drive.google.com/file/d/1_SMO09eNkUKG29QL_5xpyOcEy4sw8Ddj/view?usp=drivesdk
BG/MN/3214,https://drive.google.com/file/d/1wXpGo5-0NywnjXsd_kof425Zj8FVG-2Z/view?usp=drivesdk
BG/MN/3201,https://drive.google.com/file/d/1JcCtUxY8JsFxHdMAblXezj8jI_U_ljC4/view?usp=drivesdk
BG/MN/3202,https://drive.google.com/file/d/1Fpa4wPiEUqVEPnos-pd5JkrbCNAW1-JO/view?usp=drivesdk
BG/MN/3203,https://drive.google.com/file/d/1sOFgxrEm83soP6MUY0BWxxwIk0_-WVFg/view?usp=drivesdk
BG/MN/3204,https://drive.google.com/file/d/1JOcPVF0a3lArHPE7QJ0OWexeWGKY6eHZ/view?usp=drivesdk
BG/MN/3205,https://drive.google.com/file/d/10MzBQbcj-k9ojg7e4eOU1IkgIvtMjXSR/view?usp=drivesdk
BG/MN/3206,https://drive.google.com/file/d/1mEAKbMCnPMf_qXzvjIm1OeX49tOLxPwu/view?usp=drivesdk
BG/MN/3207,https://drive.google.com/file/d/1ostFVbbIPy2u7w5PekQaFFKaIF09Pc8X/view?usp=drivesdk
BG/MN/3208,https://drive.google.com/file/d/1t8XxRx15wE5ZygSwo-MOyLh4ovH_JpRf/view?usp=drivesdk
BG/MN/3209,https://drive.google.com/file/d/12ZAXFQygHEgK-6BsS68S-n5GsyOUehrr/view?usp=drivesdk
BG/MN/3250,https://drive.google.com/file/d/15JpSlAjdFN7osn1i_1dRONQwtAJgSdPn/view?usp=drivesdk
BG/MN/3216,https://drive.google.com/file/d/199dURCXNsOjbLE8JBsAast7q1Pik2uxG/view?usp=drivesdk
BG/MN/3239,https://drive.google.com/file/d/1fGwgABr6Ca35ACMX4wj0AbyVEZrT-zEG/view?usp=drivesdk
BG/MN/3222,https://drive.google.com/file/d/1VAoLPaGYnG8a0FBG1i-FZganaSYRBZmz/view?usp=drivesdk
BG/MN/3224,https://drive.google.com/file/d/12RUs7P_q6L1wujv_RfAjOyWlry9EiSng/view?usp=drivesdk
BG/MN/3226,https://drive.google.com/file/d/1SOlX9o36LQIn5pKELtGbpx-C8dLMKZiQ/view?usp=drivesdk
BG/MN/3227,https://drive.google.com/file/d/1bELJIKa830FXNbWURsgcMBkvktt8PgGj/view?usp=drivesdk
BG/MN/3228,https://drive.google.com/file/d/1nPTopWSXSRqf_WeRBmDa0SfQ-cnK6oRv/view?usp=drivesdk
BG/MN/3247,https://drive.google.com/file/d/1EDc98U5sGe8TBj5E8cpMgdRXzgM4Ijzt/view?usp=drivesdk
BG/MN/3246,https://drive.google.com/file/d/1YPHwLpamUJAeT86gdWNntdmQJoTbK4D8/view?usp=drivesdk
BG/MN/3245,https://drive.google.com/file/d/1ZDPnBl8HVrqGC5CrXcJ2On5kBpLHMaUh/view?usp=drivesdk
BG/MN/3242,https://drive.google.com/file/d/1KsWyi_3yt1yWrvuib0XD9IeUxFhZUBJB/view?usp=drivesdk
BG/MN/3241,https://drive.google.com/file/d/1Or5wW2YA-um-KB_yFfNm57Al54KSkrfN/view?usp=drivesdk
BG/MN/3240,https://drive.google.com/file/d/1XdznLe6mWs29vOZBi884aLH210olwMzz/view?usp=drivesdk
BG/MN/3169,https://drive.google.com/file/d/1qsq6zBo8fRMU4eoF5v5l8RcBnI4crjw1/view?usp=drivesdk
BG/MN/3170,https://drive.google.com/file/d/1XW_tgN_z3dJl8XDPUafX3Lw4shS5TV_I/view?usp=drivesdk
BG/MN/3171,https://drive.google.com/file/d/11fX8XSNy4tSRG1Mm2GONZnWzKatrnd12/view?usp=drivesdk
BG/MN/3172,https://drive.google.com/file/d/1xI_J3Nb1P7YaH5c7Bqt8sUxIFgIJ-8TO/view?usp=drivesdk
BG/MN/3218,https://drive.google.com/file/d/1wlKUK8i379zvOleJEY1XF-Qxrvzv70ga/view?usp=drivesdk
BG/MN/3238,https://drive.google.com/file/d/11rAyV2VklAWsXBwSnaBjNWzd3M2twt7z/view?usp=drivesdk
BG/MN/3237,https://drive.google.com/file/d/1Ia9_uO-QdgFTemkzoFwljPvjY_OoJLGA/view?usp=drivesdk
BG/MN/3236,https://drive.google.com/file/d/1dg5w1hOmbO6lPxhrxzjjpBGv0ix0r8zm/view?usp=drivesdk
BG/T/21800,https://drive.google.com/file/d/1BqwgjKJOYkL88GYt72BvkGLjRWNuZWqS/view?usp=drivesdk
BG/T/21791,https://drive.google.com/file/d/1Zzwcy8sUQvMutTJuLGT6lJOZoUSQiAY9/view?usp=drivesdk
BG/T/21777,https://drive.google.com/file/d/108sNvZHwQWxQeFC8MTA31plj3FCcPEKO/view?usp=drivesdk
BG/MN/3177,https://drive.google.com/file/d/18HVGhSnGV49yorai4ldxZTV7c99qWyth/view?usp=drivesdk
BG/MN/3178,https://drive.google.com/file/d/1FbyM1mDcbIRe10CbfXXGkztkKNrZnbeH/view?usp=drivesdk
BG/MN/3179,https://drive.google.com/file/d/1mnfjOV64Ag7Td2WlYDwILWevBn_9Jt6C/view?usp=drivesdk
BG/MN/3180,https://drive.google.com/file/d/1mL5ZK0WehkRigTjtI2h9w1PGIGAlqYF5/view?usp=drivesdk
BG/MN/3183,https://drive.google.com/file/d/1NB3fIh2q7DH1zBOdmFomDXZYHuSq3-9V/view?usp=drivesdk
BG/MN/3184,https://drive.google.com/file/d/1uwuleK8cCY7pKzG5z-fob1Kph7nSWUwj/view?usp=drivesdk
BG/MN/3244,https://drive.google.com/file/d/10pfMP-MJ7GbzY2M6cSukXOSiIRZgI53v/view?usp=drivesdk
BG/MN/3243,https://drive.google.com/file/d/1WL7C3rKxE868Pp2_S3QjBJtC_D1yeY0W/view?usp=drivesdk
BG/MN/3220,https://drive.google.com/file/d/15NNHPDWfCiZlBx08BL_CPdidRJ68kJk0/view?usp=drivesdk
BG/MN/3213,https://drive.google.com/file/d/1w3b8rRJRO_aZry-pR6aaJO1XC8iDxhFs/view?usp=drivesdk
BG/MN/3212,https://drive.google.com/file/d/1ZGzASoaaXHs50IZFRlHfFyht2QGlTIQA/view?usp=drivesdk
BG/MN/3221,https://drive.google.com/file/d/1ir8HZpntP6of6N2gqjzE48fHJpFmYrNG/view?usp=drivesdk
BG/MN/3225,https://drive.google.com/file/d/1OD5LV739YL8Mwl35KgjhgqyOQh59ZX8v/view?usp=drivesdk
BG/MN/3185,https://drive.google.com/file/d/1rN7HbkbqDk_CHaBBtgM__IXhO06jkISD/view?usp=drivesdk
BG/MN/3186,https://drive.google.com/file/d/1zbDzISgyLgQ6-tPOXDky4Vbg8JiLxH-5/view?usp=drivesdk
BG/MN/3187,https://drive.google.com/file/d/1e1oI6Laz2hrSKAgjKKY7PuCM7C0mbtaG/view?usp=drivesdk
BG/MN/3193,https://drive.google.com/file/d/1Z4B56B3HQYZ32tejs0Ye5M-zl8PIFoif/view?usp=drivesdk
BG/MN/3194,https://drive.google.com/file/d/13jjzfXfMzqLeTzi8J2LwraOwQgy_hPJB/view?usp=drivesdk
BG/MN/3196,https://drive.google.com/file/d/1ptzSjvGH46zGhU03nXgMSaf77Sos-b5O/view?usp=drivesdk
BG/MN/3197,https://drive.google.com/file/d/1QF_5jh5WQ99guZG2iMxeshKkcX1CnOFK/view?usp=drivesdk
BG/MN/3198,https://drive.google.com/file/d/1OogSjKTYO8-p1zVMuHBc70GNIwr51AqU/view?usp=drivesdk
BG/MN/3200,https://drive.google.com/file/d/17imf0RYWkNiuiAS5wSrT4w7Hg0sGbkTq/view?usp=drivesdk
BG/MN/3176,https://drive.google.com/file/d/1CLCUkcbCBneKhOwWntB2YZukTX8wtWDA/view?usp=drivesdk
BG/MN/3249,https://drive.google.com/file/d/1kWzILYhcyQmsE0RA2GElyyVnxE48fxi7/view?usp=drivesdk
BG/MN/3248,https://drive.google.com/file/d/1T0EBHEShHxO4A4YfC7TsZVMUBMqGt44g/view?usp=drivesdk
BG/MN/3223,https://drive.google.com/file/d/1ra-mnjMEDnLt-eWEg_NJzBZ72EGap_Z7/view?usp=drivesdk
BG/MN/3217,https://drive.google.com/file/d/1suZ8DhkzbuZQK-96zYagrrwEpn9W2tBs/view?usp=drivesdk
BG/MN/3211,https://drive.google.com/file/d/1Yh8fUkmKtiyYKtCWw3FdrHLFBeQCicS0/view?usp=drivesdk
BG/MN/3210,https://drive.google.com/file/d/1-UOiRbgyuEx6q_sxljAJbH3AzzNSiuEg/view?usp=drivesdk
BG/MN/3199,https://drive.google.com/file/d/1EB2MSDYsqjPgVmgSY1zVB1kWZI9HzMB2/view?usp=drivesdk
BG/MN/3173,https://drive.google.com/file/d/1mz9XmGA54KZOdfqh3o7zgnUCue8j00-y/view?usp=drivesdk
BG/MN/3174,https://drive.google.com/file/d/1ENpUbetGawwhygPzjViGEvFw31Wdn7Oi/view?usp=drivesdk
BG/MN/3175,https://drive.google.com/file/d/1S3Bsqu4k1APfWfCu1effiz0TQJRmGqYN/view?usp=drivesdk
BG/MN/3190,https://drive.google.com/file/d/146q2b7yrlwSJD5CwVkrJyHKxF4r6um5u/view?usp=drivesdk
BG/T/22867,https://drive.google.com/file/d/11YFA3FLLrD6J7SDH3n4DQDgPegsl3Xsq/view?usp=drivesdk
BG/T/22868,https://drive.google.com/file/d/1F5cEG-OXrQnOIjy2p_q3-oXwCqHAFuWe/view?usp=drivesdk
BG/MN/3162,https://drive.google.com/file/d/14Gart0S_RCyn6tJ1sinI9uMLh_VjvbZn/view?usp=drivesdk
BG/MN/3163,https://drive.google.com/file/d/1t1dXSi1a_yr7Utwac2EAGuiDLiE4LPuo/view?usp=drivesdk
BG/MN/3164,https://drive.google.com/file/d/1LoUT5ILePRqbAeBill6C9s5anKTBLmez/view?usp=drivesdk
BG/MN/3165,https://drive.google.com/file/d/1n_Mz6oMN_v3GeBW5HCpixX340fHAioy0/view?usp=drivesdk
BG/MN/3111,https://drive.google.com/file/d/1H2v27myoLoOafTVVQRQN2jSgKBfoSzp-/view?usp=drivesdk
BG/MN/3133,https://drive.google.com/file/d/1zOsOZChm8mnAhkZyE58jqmnAn2x77pyb/view?usp=drivesdk
BG/MN/3135,https://drive.google.com/file/d/1XqfjNEiAE1yZFsfG3pLsR5R2JMKj_65Z/view?usp=drivesdk
BG/MN/3126,https://drive.google.com/file/d/1ElUegylzryFBFo9sGOZTQKziUL3FFb4y/view?usp=drivesdk
BG/MN/3189,https://drive.google.com/file/d/1o4X2j6dXDQ4uLCzQwdIGN92VO8rrRu9n/view?usp=drivesdk
BG/MN/3108,https://drive.google.com/file/d/1o4AQRc2nTgbWdl08UaPRdAJzsvjVnTVi/view?usp=drivesdk
BG/MN/3157,https://drive.google.com/file/d/1NRC0X98fvx7URrWUHpuR_wlWvBlWRqks/view?usp=drivesdk
BG/MN/3156,https://drive.google.com/file/d/1Ty2wGH0x-D1ke2R3_McDrfKKOk9BPdWo/view?usp=drivesdk
BG/MN/3158,https://drive.google.com/file/d/1u6jrXlh2agmd20L8WUNiTBWzUPxJ9qFW/view?usp=drivesdk
BG/MN/3159,https://drive.google.com/file/d/1LAntgw3jWSKPnuBmFTdnBUdpJsmv5XzK/view?usp=drivesdk
BG/MN/3160,https://drive.google.com/file/d/1X7N7dUkVOdXpyCNB12nnWfR35b0Q82Ka/view?usp=drivesdk
BG/MN/3161,https://drive.google.com/file/d/1xO2RZ9ALYpfUREQybCNVfa9LbJNw1BdQ/view?usp=drivesdk
BG/MN/3129,https://drive.google.com/file/d/1kCvTp_NrxNyzDrn7L3Ilc-FWLWp25a-d/view?usp=drivesdk
BG/MN/3128,https://drive.google.com/file/d/1dhc6dTvZeSMAvboSGOjlRAJKx2DpxL19/view?usp=drivesdk
BG/MN/3125,https://drive.google.com/file/d/1dwaENUkd3JbHjupJ4I5ZhMbjB8StWff3/view?usp=drivesdk
BG/MN/3127,https://drive.google.com/file/d/1KdVtKYcyCDPqVr7G3wAdhuklzz_vh9dn/view?usp=drivesdk
BG/MN/3141,https://drive.google.com/file/d/1_xVLjCko2JB-PgUiW0syOPyYjMFTDx5T/view?usp=drivesdk
BG/MN/3144,https://drive.google.com/file/d/1-_FS2ZxjS3hb6k5LmmLTTD6GpbNeupr5/view?usp=drivesdk
BG/MN/3166,https://drive.google.com/file/d/1mlxmH2bxykrSN-TOOG8ve_fbQ504jxw1/view?usp=drivesdk
BG/MN/3167,https://drive.google.com/file/d/120j9U_DDwxSFUlhOdizSWSN2yNx9oWZb/view?usp=drivesdk
BG/MN/3168,https://drive.google.com/file/d/1bPbm6oe4YOp0ljCceuhRq1gDYs4nc-Ro/view?usp=drivesdk
BG/MN/3140,https://drive.google.com/file/d/1kWRMorRHNRShREMcTcLJ_Kzvkvmqbyl3/view?usp=drivesdk
BG/MN/3139,https://drive.google.com/file/d/1Nfk8c_VPjd-Qd3QT9ugzgKOJJ4a7ctLK/view?usp=drivesdk
BG/MN/3138,https://drive.google.com/file/d/1dfb8Vhq-eaG0adjobXdiJXdNzjYOz4Ed/view?usp=drivesdk
BG/MN/3137,https://drive.google.com/file/d/1eghKIi5Wqdr60ZQ8X9PzLRcAvolKPA1a/view?usp=drivesdk
BG/MN/3136,https://drive.google.com/file/d/1ElgjNTwwz3WBcrQxIk2EXa16_NIbKbCv/view?usp=drivesdk
BG/MN/3134,https://drive.google.com/file/d/1EbkmpMNoH0N3dWG6kOC3QmPWrXJi8rMn/view?usp=drivesdk
BG/MN/3142,https://drive.google.com/file/d/1KSuL0m8rVz0dbuCgmunD-MmEMezRCfqu/view?usp=drivesdk
BG/MN/3145,https://drive.google.com/file/d/1C9FcSzRLyTSl8WtqYjDVq2vbVcSJPnHK/view?usp=drivesdk
BG/MN/3146,https://drive.google.com/file/d/1htOIyh9iCjkvJ1Uabf-9oNi6mhsIyQFU/view?usp=drivesdk
BG/MN/3147,https://drive.google.com/file/d/1mz1eP9oHF5DBWWs8X7cFVcRawejo-QJJ/view?usp=drivesdk
BG/MN/3148,https://drive.google.com/file/d/1_1SAyUKDysk4uGVXk8AUHwlQB6Ode_J7/view?usp=drivesdk
BG/MN/3149,https://drive.google.com/file/d/1ybwxS_tyMx4nW1Yd0U8xMk94M-QbXj5k/view?usp=drivesdk
BG/MN/3195,https://drive.google.com/file/d/1Uh78EtEPbTII9F9cz947w_AgB-4pxO3O/view?usp=drivesdk
BG/MN/3182,https://drive.google.com/file/d/1KvAqq9iUF9nLO9KAVV-_41dwUHZ29ksI/view?usp=drivesdk
BG/MN/3191,https://drive.google.com/file/d/1SdCDq2_CSzvqO99ZwXWUIqI8o8YW4aX8/view?usp=drivesdk
BG/MN/3192,https://drive.google.com/file/d/12-eH5TVH3liBbWCRGMMhStPiYoZBajG5/view?usp=drivesdk
BG/MN/3151,https://drive.google.com/file/d/1fbNIRvyk-swLmRpZp3Zk0GJmOiYdy1_6/view?usp=drivesdk
BG/MN/3150,https://drive.google.com/file/d/1JpkobU-FfVeZqp_eVB_SMs-7jTAhAYcD/view?usp=drivesdk
BG/MN/3152,https://drive.google.com/file/d/1w_E31bF-QoIjf-KqOZQToUScJBenoHpf/view?usp=drivesdk
BG/MN/3153,https://drive.google.com/file/d/1hXrPQmGXsHq5ikFktsdtaMEBQgtrbC6a/view?usp=drivesdk
BG/MN/3155,https://drive.google.com/file/d/1NEmezB9ILwFjfa5e0OFtIJRZoQke_pMP/view?usp=drivesdk
BG/MN/3188,https://drive.google.com/file/d/1JJD347AeH16MhIPBiaBm08Drbwg5_5ze/view?usp=drivesdk
BG/T/20039A,https://drive.google.com/file/d/1x5JsIrU4PTb9hs9pg0jF_fYwcz6n0D7x/view?usp=drivesdk
BG/T/MG_9450,https://drive.google.com/file/d/1V1PsjIX4HKrV477p5oyll66TiZEPSQJm/view?usp=drivesdk
BG/MN/3117,https://drive.google.com/file/d/15zU7QpEq1w_siWY6y1Xpx5XGiukBLOiL/view?usp=drivesdk
BG/MN/3116,https://drive.google.com/file/d/1fgxi_shcOh7uRnzuJOAER2wgg9s4cNFx/view?usp=drivesdk
BG/MN/3110,https://drive.google.com/file/d/1zIhSTP5my3anFin70sQFJjK8p2yV8azF/view?usp=drivesdk
BG/MN/3119,https://drive.google.com/file/d/1kPq-Nm5BlKXgOpeo9naIv5yTOxnBgdor/view?usp=drivesdk
BG/MN/3114,https://drive.google.com/file/d/15BYQEV6EqMYBr7qWAgNXs79ToqSrVdf4/view?usp=drivesdk
BG/MN/3113,https://drive.google.com/file/d/1bM8yYYn6eMd4elcsH-Apdoo-bV9tz8Dy/view?usp=drivesdk
BG/MN/3115,https://drive.google.com/file/d/1V0L0tRT0MSw1aJRYhd6WLpd8WsZMjweJ/view?usp=drivesdk
BG/MN/3112,https://drive.google.com/file/d/1LtIBZkODPwjUi-H69LxJhTdfGCCJBhwl/view?usp=drivesdk
BG/MN/3109,https://drive.google.com/file/d/1axGba1lSjrAMpRsN51oDrhD1VfBJIWz7/view?usp=drivesdk
BG/MN/3107,https://drive.google.com/file/d/1wh4Mg6GrpsyS9DcHk5-eEkkJENYDYmbE/view?usp=drivesdk
BG/MN/3118,https://drive.google.com/file/d/1wt4htECPP5U5ky5Es4QQiJwyZ-SUCLPR/view?usp=drivesdk
BG/MN/3122,https://drive.google.com/file/d/1xl7wFMETc_J6oO9FAhgZsHXqE-Fd7rBh/view?usp=drivesdk
BG/MN/3123,https://drive.google.com/file/d/16s3ICYqKd4M0DJRAnYrKHzVBW2RIqtcI/view?usp=drivesdk
BG/MN/3124,https://drive.google.com/file/d/1AI-AkDu7WJwaTWdZeFVYKO_PHafPiK_X/view?usp=drivesdk
BG/MN/3121,https://drive.google.com/file/d/1Y2CdEPX87ZMzs1spiFGFvPdE_dQbOU_k/view?usp=drivesdk
BG/MN/3120,https://drive.google.com/file/d/1GC4K2VfxVEb14HBkvAhIgbKWjwcO83hU/view?usp=drivesdk
BG/MN/3132,https://drive.google.com/file/d/1_3y3spxKg_MXNRWi86BrYf2rO7wxF4jl/view?usp=drivesdk
BG/MN/3131,https://drive.google.com/file/d/1FwBKMsFhnkahhcA8tdvE_ukBkZ3DirKX/view?usp=drivesdk
BG/MN/3130,https://drive.google.com/file/d/1Rss_PcHHVfHoLNjl0q4JcwR7SxLJiTB7/view?usp=drivesdk
BG/MN/3235,https://drive.google.com/file/d/15E0e5anUkgTX_lqhz_G975P2eVGItRX1/view?usp=drivesdk
BG/E/29906,https://drive.google.com/file/d/1nU3Enq0P38VQe9yBHPriu7dIdMj3nB_p/view?usp=drivesdk
BG/T/22869,https://drive.google.com/file/d/1M4EDVyf4FVSWM9OYaCO4y3zt8x6vgZ5d/view?usp=drivesdk
BG/T/22870,https://drive.google.com/file/d/1tDjFOc6iRF-afgxKl1tfHhbVRTwb4r3y/view?usp=drivesdk
BG/T/22871,https://drive.google.com/file/d/1juS6J8tLPFrbNIvPVJ_S1c3DvdbTRo88/view?usp=drivesdk
BG/T/22873,https://drive.google.com/file/d/1bxH1G8Kmen28PvmEpiTj3x-YYnvR60Ob/view?usp=drivesdk
BG/T/22872,https://drive.google.com/file/d/1cQZ8tMOuEjc2Q5oOQrwK0jwN5y6RZyyt/view?usp=drivesdk
BG/T/22874,https://drive.google.com/file/d/18WEzA6_JTRL8u6HIb3y8oG5TIfHWo1Ws/view?usp=drivesdk
BG/T/22875,https://drive.google.com/file/d/1JV60hVa6ZFFMha4MbLjmkVyMPWcEHIu9/view?usp=drivesdk
BG/T/10009,https://drive.google.com/file/d/1qemhNKwqC3YGd2b7jCKSIWJTWoWrXg37/view?usp=drivesdk
BG/T/10008,https://drive.google.com/file/d/1S1pWZvAhmagJ5G89NJ27-Qubzy-_reO_/view?usp=drivesdk
BG/T/10010,https://drive.google.com/file/d/1sMlqjhv8hnjC2J7rgBQuFgB_mI-U3l4m/view?usp=drivesdk
BG/T/10012,https://drive.google.com/file/d/1e74Dh0y7bgQhlH-i3DdWFEqZWCfzrSg3/view?usp=drivesdk
BG/T/10011,https://drive.google.com/file/d/1aehvemK2j9d11MMSH4k--4n3vGZr_U9-/view?usp=drivesdk
BG/T/10013,https://drive.google.com/file/d/1ap6mgamw8_36UwTNQ1iTDAqpw0vS7F5U/view?usp=drivesdk
BG/T/10015,https://drive.google.com/file/d/17tIMWOC0dLD2McPHqW2Lnn5_uldFCTRf/view?usp=drivesdk
BG/T/10014,https://drive.google.com/file/d/1eZbtUCT1Wo5Ol2JfQfCUNHmjtccdlm7Z/view?usp=drivesdk
BG/T/10017,https://drive.google.com/file/d/1tvkBViEZlZZIjYvhUoQKbKOMNJPAvZaR/view?usp=drivesdk
BG/T/10016,https://drive.google.com/file/d/107RrU2zWbFxtftKEu1NNKgpz4E5FJ2d9/view?usp=drivesdk
BG/T/10018,https://drive.google.com/file/d/1g-XdlaVHLcICFPe9VTQmgF12F5vJ0hbX/view?usp=drivesdk
BG/T/10021,https://drive.google.com/file/d/1tx6KdsEf1LV6uFMH3LG0klLHawa4dukm/view?usp=drivesdk
BG/T/10019,https://drive.google.com/file/d/1VnbpXTA523mQqpftLx_fszcnihD8XWRE/view?usp=drivesdk
BG/T/22876,https://drive.google.com/file/d/1bm7zknuq3hbGiAs6T-_qnTvlzm4Ri51I/view?usp=drivesdk
BG/T/22877,https://drive.google.com/file/d/1tSQUW-Q0G43exbjLR4gXzLCa0u_ecYst/view?usp=drivesdk
BG/T/22878,https://drive.google.com/file/d/1rExYoU6a3EfCwxW20T4OpWTCl20rzk5w/view?usp=drivesdk
BG/T/22879,https://drive.google.com/file/d/11YUHxQVna1drOzUD_rtbEHUJTolMLcHj/view?usp=drivesdk
BG/T/22884,https://drive.google.com/file/d/1gigJuDxTrjQSVAdITx-_5y4xRB6y3MH1/view?usp=drivesdk
BG/T/22880,https://drive.google.com/file/d/11biOBfzLKij-D07F_kzOENptIkLtjZ1l/view?usp=drivesdk
BG/T/22881,https://drive.google.com/file/d/1LFa2TYZLQnwJJYwMVTS02JEr6tWCjw2W/view?usp=drivesdk
BG/T/22882,https://drive.google.com/file/d/1F0TuU-6oBE5kiTKxespHwKDnhg_JbtJ6/view?usp=drivesdk
BG/T/22883,https://drive.google.com/file/d/1VKzfpdhDTmCEofU-Jw0WYI3Ixpaz3QKl/view?usp=drivesdk
BG/T/22885,https://drive.google.com/file/d/1-CQpiRnkZcRtUgVneogJYu4aJeCNVJuJ/view?usp=drivesdk
BG/T/22887,https://drive.google.com/file/d/1RpEYUo8lRHXr_gCkxySFgrjLYYybQK7q/view?usp=drivesdk
BG/T/22886,https://drive.google.com/file/d/1LO5xytrAv6_d-OXG5W7qvee6Fiamz7Vm/view?usp=drivesdk
BG/T/22889,https://drive.google.com/file/d/17gUg_rJtqyussXORYFkLpBTGOmD5mATa/view?usp=drivesdk
BG/T/22888,https://drive.google.com/file/d/1CKpixq3MktZxwxTaiS5h9lYdejnMVNRa/view?usp=drivesdk
BG/T/22911,https://drive.google.com/file/d/1X_p6wIu2DcpwGjeuzNe8PjfwbMUtbyhb/view?usp=drivesdk
BG/T/22910,https://drive.google.com/file/d/1Cf-bOq-dHCFLmx44_VeVPhdr-G72WcnZ/view?usp=drivesdk
BG/T/22890,https://drive.google.com/file/d/1tMSmZQi5sJ25cgRK4p7YvwjCJKpD-OTb/view?usp=drivesdk
BG/T/22903,https://drive.google.com/file/d/1iK5XLwqz6_Wslasw8Oo0VJZ-mFtBTwNC/view?usp=drivesdk
BG/T/22907,https://drive.google.com/file/d/1I83_wfe_m88Oc9yr63m3-BIoafq2moeq/view?usp=drivesdk
BG/T/22908,https://drive.google.com/file/d/1h1ZgZpjplEgSlpjdhisdrQVqHKxO9ydy/view?usp=drivesdk
BG/T/22904,https://drive.google.com/file/d/1a62Av8nwmJw268-KBtL6KUHb731I-cEw/view?usp=drivesdk
BG/T/22905,https://drive.google.com/file/d/1wfJXYh068n2eVyPm01PTUuQmHIfiXR3X/view?usp=drivesdk
BG/T/22901,https://drive.google.com/file/d/1qU7BsA8m5tAthvxOi5t4GbNMuI_2VRZ5/view?usp=drivesdk
BG/T/22909,https://drive.google.com/file/d/1qKIWOw4MIXr2KVukYrJ4BpG4QMIiYfiq/view?usp=drivesdk
BG/T/22897,https://drive.google.com/file/d/1frehrrhjLyz30qk9lmrlOES2Ex3L_4qe/view?usp=drivesdk
BG/T/22898,https://drive.google.com/file/d/1gosgYSrDWTeptOTzLBIKzJFHC6AZuNOx/view?usp=drivesdk
BG/T/22895,https://drive.google.com/file/d/12qhnbKIyihHHgWvsgNmm0ouW09XjsOm-/view?usp=drivesdk
BG/T/22906,https://drive.google.com/file/d/1Qc4VxruHmq5mxMqE7_wTQJV6o9RGrII2/view?usp=drivesdk
BG/T/22900,https://drive.google.com/file/d/1O0Oyv4C0rw7RlTGIMiiZKHE6PpXL437J/view?usp=drivesdk
BG/T/22902,https://drive.google.com/file/d/1VmBQhhMz9aYpnmiGo4pRxFGKqelH_ot8/view?usp=drivesdk
BG/T/22891,https://drive.google.com/file/d/11Z8E9WYyVAjQ56xBxD_E4FgRK-H2RRvg/view?usp=drivesdk
BG/T/22892,https://drive.google.com/file/d/1aUWutm62gRM_u8TIW5wCHJS1fXz_h1xY/view?usp=drivesdk
BG/T/22894,https://drive.google.com/file/d/1DyRGESEb1o5lyoFntFLPQeDoyDBSeT2S/view?usp=drivesdk
BG/T/22915,https://drive.google.com/file/d/13qHmA87SJPBSZ0bPn5e0JnqcUa0qqdW8/view?usp=drivesdk
BG/T/22899,https://drive.google.com/file/d/176RLmEy7svnds3879d0e35T25bfV5hoK/view?usp=drivesdk
BG/T/22913,https://drive.google.com/file/d/1-shf50aBj9MeH46E1xqe9lkWKj5cWVef/view?usp=drivesdk
BG/T/22914,https://drive.google.com/file/d/1JwLVuAdqIJHP6f8lKaQiC0KxrWbiPnLB/view?usp=drivesdk
BG/T/22893,https://drive.google.com/file/d/1r0Qrfzfo_1Mq4tuUaSzRfu2RBizKOPjq/view?usp=drivesdk
BG/T/22896,https://drive.google.com/file/d/1WTBfiBxX0lBQbR8Ca9RW055eCm9HhmKS/view?usp=drivesdk
BG/T/22912,https://drive.google.com/file/d/18Z_p5fAZFJCNJJ8yXeuXhluPTuMuS1-R/view?usp=drivesdk
BG/T/19927,https://drive.google.com/file/d/1ER0Z3WEPGiwCjrIK_jj2EPVwCO7aYPKG/view?usp=drivesdk
BG/T/16811,https://drive.google.com/file/d/1vL0urQeaG21WVnN1KBPfnHd0aCtk1Ttm/view?usp=drivesdk
BG/T/21515,https://drive.google.com/file/d/1y_LQsGjpYQmraOBjdyRKlOhHufjbmz-6/view?usp=drivesdk
BG/T/21014,https://drive.google.com/file/d/17xe9r4BE6yrlnTjHnckPYAXwZfTcmV2L/view?usp=drivesdk
BG/T/215336,https://drive.google.com/file/d/1vNwsT0WFmhT1_-u5uXfz-0-tT_lnxNW1/view?usp=drivesdk
BG/T/22917,https://drive.google.com/file/d/1yI4UVfdYtt9PU69s6IOlRpfz-E_iIx-O/view?usp=drivesdk
BG/T/22916,https://drive.google.com/file/d/1T3wFvY8mp8G0KZhPdYsC8is9bGC8Tkux/view?usp=drivesdk
BG/T/20068,https://drive.google.com/file/d/1K8alGu5MFWZGcQorY9bs6tZ2FYnpY3bW/view?usp=drivesdk
BG/T/15859,https://drive.google.com/file/d/1AzKdTEkDv_1a2bYRsg2_rgFF1PgNycN0/view?usp=drivesdk
BG/T/15110,https://drive.google.com/file/d/1UQcAkZsgkTviKBOapAhnZUa636ZXU3c1/view?usp=drivesdk
BG/T/22923,https://drive.google.com/file/d/1-i5EG-NHfcgS7TffT-RCdk4xOXfNzYPO/view?usp=drivesdk
BG/T/22922,https://drive.google.com/file/d/1kFLEoZquXlnUKkwdRIszCPFPaXlHZ23C/view?usp=drivesdk
BG/T/22919,https://drive.google.com/file/d/1TbwKBNZjersP7ulo69AQzaX5cdMvIOTm/view?usp=drivesdk
BG/T/22921,https://drive.google.com/file/d/1R-nPeGOLdeEY74ZC2PCuO2CYKmgExd_H/view?usp=drivesdk
BG/T/22920,https://drive.google.com/file/d/1p8Ycxi8-UzXBMSYijNEa6DzeYcGBNpe1/view?usp=drivesdk
BG/T/22918,https://drive.google.com/file/d/1zk48_clubbQKB9wmMDyCija4gpCwTvh8/view?usp=drivesdk
BG/T/22934,https://drive.google.com/file/d/19a4U8_N2bSj1lvlM-MueVSBeMDDQw_YP/view?usp=drivesdk
BG/T/22925,https://drive.google.com/file/d/18SxiBjKWX0psRxsdtbGtj2ZtpfnBjyad/view?usp=drivesdk
BG/T/22924,https://drive.google.com/file/d/16Ql7azUT0lZ3ksf2U5qT0msBsP0i7lw4/view?usp=drivesdk
BG/T/22931,https://drive.google.com/file/d/1mOag_6cprCdDPzTt6GUFYOAkLH9JWUst/view?usp=drivesdk
BG/T/22927,https://drive.google.com/file/d/1BYlhad0XRySsvTmgoMMsR8bMLSV3obRJ/view?usp=drivesdk
BG/T/22932,https://drive.google.com/file/d/137Iw480-7hEgq7CrD-ajDcC81nJBYnhn/view?usp=drivesdk
BG/T/22930,https://drive.google.com/file/d/16Xqhn4DmdRpLXD5i7UiZkopfpwDtEIdP/view?usp=drivesdk
BG/T/22926,https://drive.google.com/file/d/1h0bPW8aAecj6xrji2fqUkEKrw3WBsW2r/view?usp=drivesdk
BG/T/22929,https://drive.google.com/file/d/16O7dsOrr4L4O181iWMPZCpUNfLOm56zW/view?usp=drivesdk
BG/T/22933,https://drive.google.com/file/d/1bybAQOjvFce8HtKxx6SRzNdLs9n5O6kW/view?usp=drivesdk
BG/T/22928,https://drive.google.com/file/d/1LNpDqXJI7Hh6mesWsdOgueDkZabBWr9N/view?usp=drivesdk
BG/T/22935,https://drive.google.com/file/d/175qAEfIdhMfI6CozkK55awSBTyp5Diwg/view?usp=drivesdk
AI/F/6555,https://drive.google.com/file/d/1WlAdFSU7he8lOXXuByn6xvr4S8HJ0WVr/view?usp=drivesdk
AI/F/6560,https://drive.google.com/file/d/1KGLUQCx3ASNkGaftXxy-hyR566HrbEQX/view?usp=drivesdk
BG/T/22936,https://drive.google.com/file/d/1wdhdd9aOfxgAYqLgHOBM0mtcIyPeBqw-/view?usp=drivesdk
BG/T/22937,https://drive.google.com/file/d/18Yp235M5EzE5TqJtHl9A2hoRAZuSpT37/view?usp=drivesdk
BG/T/22938,https://drive.google.com/file/d/1cQaWvXQL_nrxFieqEKygm-FVs1pFwX2R/view?usp=drivesdk
BG/T/22939,https://drive.google.com/file/d/1Fbc39RfyyA_alnSVlH5CEiXbhyDZ4PDw/view?usp=drivesdk
BG/T/22943,https://drive.google.com/file/d/1c3_wTWKhxlu3fRlhIenrEfrZBjC-P49j/view?usp=drivesdk
BG/T/22942,https://drive.google.com/file/d/1vgKulsB7JyFfKgUMa0zZ4pRzBrhpKNEp/view?usp=drivesdk
BG/T/22940,https://drive.google.com/file/d/1t30gkDVeOE6Y9hP14NiXIzxmPzlRojZ9/view?usp=drivesdk
BG/T/22944,https://drive.google.com/file/d/10LHF3nI_oPc2ksiYJd4K5ssi9rO4X_5o/view?usp=drivesdk
BG/T/22941,https://drive.google.com/file/d/149A_bZZTrdoY93AXLi5KFW5xpVqm9oqy/view?usp=drivesdk
BG/T/22946,https://drive.google.com/file/d/1YehGAUE6-yzV5f5RS5OrH9EG-STxF0vq/view?usp=drivesdk
BG/T/22945,https://drive.google.com/file/d/1l3ugebur5LIQswfhhDYjlvVmi-toVUVS/view?usp=drivesdk
BG/T/22948,https://drive.google.com/file/d/1x1-MovHRgwYu7Sv5vNI-XfI5Gf2J-jHw/view?usp=drivesdk
BG/T/22947,https://drive.google.com/file/d/1JkL_c1T5tlGWIxBOdOwTTXR3OKsRCSqs/view?usp=drivesdk
BG/T/22950,https://drive.google.com/file/d/12exC-IFe6dtMqB31aoyL1NyGaYYlVpCQ/view?usp=drivesdk
BG/T/22949,https://drive.google.com/file/d/1GyF7VJUk3wZZmWVDx0yFJ5pkCstyv2_S/view?usp=drivesdk
BG/T/22952,https://drive.google.com/file/d/10h0BhitbQLSKs_Cg4oujuvDxE5u8iuIz/view?usp=drivesdk
BG/T/22951,https://drive.google.com/file/d/1aTgTHiLyDA8sd7ZQ_48LytLMeOWizDOi/view?usp=drivesdk
BG/T/22953,https://drive.google.com/file/d/1ULl6QFqD21IizPcoWzXb5nS1LBV9FnwF/view?usp=drivesdk
BG/T/22958,https://drive.google.com/file/d/1D3ZDAUrvDSUywz_tKNwUzyfBKw1nh0io/view?usp=drivesdk
BG/T/22957,https://drive.google.com/file/d/1Nj7L5ffA5NEK_pCDlQ5MwA4Wpm3NVJIp/view?usp=drivesdk
BG/T/22956,https://drive.google.com/file/d/1TlGh3LyVLh90zZxqg9njHNr_KMPcLuQ8/view?usp=drivesdk
BG/T/22955,https://drive.google.com/file/d/19BG6bgJ9xaKsJuhHm7WpH_dYuxg_Bavm/view?usp=drivesdk
BG/T/22954,https://drive.google.com/file/d/11bsdxGgpiBXJcmZQo_KsDIvgbCNXEwBh/view?usp=drivesdk
BG/T/22961,https://drive.google.com/file/d/183NEadp33006ZyLNHhJr2Ah725eD3ahO/view?usp=drivesdk
BG/T/22960,https://drive.google.com/file/d/1DUjBRZ51-B05S0Ekw_lXOJwwu_J8mGGL/view?usp=drivesdk
BG/T/22959,https://drive.google.com/file/d/1HcBCikqucTFYynHHxWUEIHSXvmPhY7X3/view?usp=drivesdk
BG/T/22966,https://drive.google.com/file/d/1sHGSxy0oU89YDEzt-RU54FYJA1spfM6O/view?usp=drivesdk
BG/T/22965,https://drive.google.com/file/d/1Hzf4kmyMfhUHndPfbqp4-WZ276Ur8I0R/view?usp=drivesdk
BG/T/22964,https://drive.google.com/file/d/1xVnU7aZCAWXmriztgH5749ovyibyYFeW/view?usp=drivesdk
BG/T/22963,https://drive.google.com/file/d/1HGe7NNvPFRHfaG5_djqtjgW3G7lX58VY/view?usp=drivesdk
BG/T/22962,https://drive.google.com/file/d/1lK3XclUl0bG0CtYWUZIbeS0hqSBwlzzV/view?usp=drivesdk
BG/MN/3312,https://drive.google.com/file/d/1g0ZemuW_KD7s-iM7LlAK8D3rht6nTjPt/view?usp=drivesdk
BG/MN/3311,https://drive.google.com/file/d/1ly3JuAO4Czg2Nua9fu6w4q6mpfXGhc49/view?usp=drivesdk
BG/MN/3310,https://drive.google.com/file/d/1FX_FYENwJ152S7_y7EvUIn-tIEVlVF9n/view?usp=drivesdk
BG/MN/3309,https://drive.google.com/file/d/1rkTi4_weCIZ-9738wmUWu0qmvTXQXWiq/view?usp=drivesdk
BG/MN/3308,https://drive.google.com/file/d/1rrksmsLIfjeUWrkbkkW1qllzWkIm8C8i/view?usp=drivesdk
BG/MN/3307,https://drive.google.com/file/d/1eXKS50P1XjAWAX48sT3M83AlmEtVaED5/view?usp=drivesdk
BG/MN/3306,https://drive.google.com/file/d/1IzW32LFabCRdG3FcqtQ9cz2B8W4UgiJ7/view?usp=drivesdk
BG/MN/3305,https://drive.google.com/file/d/1luB-E0Gr8q8IgaaBC0bWMXfvUKek2hVq/view?usp=drivesdk
BG/MN/3304,https://drive.google.com/file/d/14Cy3HwKpxBJNqvLafXhTfdutQfv3kwOD/view?usp=drivesdk
BG/MN/3303,https://drive.google.com/file/d/1b1aQ9F3jq9DiWHJPZ5ydwjDZtGdXcaje/view?usp=drivesdk
BG/T/22975,https://drive.google.com/file/d/1YloNX28zq9QxDw-fhxpGBqZ_yomAToVW/view?usp=drivesdk
BG/T/22974,https://drive.google.com/file/d/1jnMY8-aSvBtt7WM63a4XPmfPSqwmiLJr/view?usp=drivesdk
BG/T/22973,https://drive.google.com/file/d/10kNNiQPkgzRUIC7eEs_2gQRMiz7ADLOn/view?usp=drivesdk
BG/T/22972,https://drive.google.com/file/d/1qCQ-z41ZPHI5u9QYX4boi8fK8rMC8reh/view?usp=drivesdk
BG/T/22971,https://drive.google.com/file/d/1QkIxAns2pnHDwrSzpK3k4Ic9yLoKxtk8/view?usp=drivesdk
BG/T/22970,https://drive.google.com/file/d/1b_WHML6sn-AiF3L8pW9Rp_vXFeSaJstU/view?usp=drivesdk
BG/T/22969,https://drive.google.com/file/d/1x3rR3thcbL1lwv5RSSDffQ4SSau1r56m/view?usp=drivesdk
BG/T/22968,https://drive.google.com/file/d/1aIONF1zXdT3uzIYXq2RJkZmgT2dINwu1/view?usp=drivesdk
BG/T/22967,https://drive.google.com/file/d/1wy1VEIGdSykCx9mTEAu-28LqhPYfxJCA/view?usp=drivesdk
BG/MN/3322,https://drive.google.com/file/d/1LsLp1DUSKPKMBSJegQfgb1wX-2dIpBzc/view?usp=drivesdk
BG/MN/3321,https://drive.google.com/file/d/1Furl4capnJ7oH3IVbiEvm7fIwliogHZ2/view?usp=drivesdk
BG/MN/3320,https://drive.google.com/file/d/1dXC09ZRJ093OTXTaHghfhs3PMzMgMe-O/view?usp=drivesdk
BG/MN/3319,https://drive.google.com/file/d/15wq0-8RuN_B6bvbTZ274V9xJrfoG_2hB/view?usp=drivesdk
BG/MN/3318,https://drive.google.com/file/d/1PMz0GPaWVLzVOciXKRkT9CeR0lMqHZjM/view?usp=drivesdk
BG/MN/3317,https://drive.google.com/file/d/12sh03f3cNtA4DJMOZt_E2PLC9wPaUsrt/view?usp=drivesdk
BG/MN/3316,https://drive.google.com/file/d/1BtLIgqzXeB787JKaP4HrY4rIPwjE4P-W/view?usp=drivesdk
BG/MN/3315,https://drive.google.com/file/d/1TA87R6fu9d--D9IbPAKnp18sFjEYM2W5/view?usp=drivesdk
BG/MN/3314,https://drive.google.com/file/d/1fags-NHsrtnCYVeqwO5DKxzQEdo6PNzo/view?usp=drivesdk
BG/MN/3313,https://drive.google.com/file/d/1TWYPKVZoslV1GS4aPyz3-XxqAWN9YL3O/view?usp=drivesdk
BG/T/22977,https://drive.google.com/file/d/1pGDS109PjtJXHeirFZiIoh424AZ17bl3/view?usp=drivesdk
BG/T/22976,https://drive.google.com/file/d/1gDV4ydqykhcNyh-JR5ZDst-oZ2Fvp_zF/view?usp=drivesdk
BG/T/22978,https://drive.google.com/file/d/1PNxmvmVbYM618UQhljpyvFzGse2y8ozf/view?usp=drivesdk
BG/T/22979,https://drive.google.com/file/d/1O5qMt31SARStG0d3LgSjMerAu6qwCEkI/view?usp=drivesdk
BG/T/22985,https://drive.google.com/file/d/1rVHMdhhrfkdpW4T9hQFpZ8A20vG4wqvm/view?usp=drivesdk
BG/T/22992,https://drive.google.com/file/d/13r6YKFOGl0rukN6QNbKw4qJXPb7wn9BD/view?usp=drivesdk
BG/T/22983,https://drive.google.com/file/d/1JSNX3ncxpYb8VM3sEVhDuEVdaRHaygav/view?usp=drivesdk
BG/T/22982,https://drive.google.com/file/d/13_rYG_aR6wRPzKNsYxT-_OGkNw-H9s8K/view?usp=drivesdk
BG/T/22987,https://drive.google.com/file/d/114TVqfR69ZDs9i7XLlZ55_ZqmxosAqbS/view?usp=drivesdk
BG/T/22986,https://drive.google.com/file/d/1JdUOdP4t_LB0DWWc9rlWZeewDZziF29Z/view?usp=drivesdk
BG/T/22984,https://drive.google.com/file/d/15vZuiNLsm6t1ipyh8ZQ1vmUkpNOVBvUB/view?usp=drivesdk
BG/T/22981,https://drive.google.com/file/d/1-VWiUQ-iGsI9thuxgEkhES6_bP4CbHHs/view?usp=drivesdk
BG/T/22980,https://drive.google.com/file/d/1caH-nK_MavwxFU5K6x7ZWJ8NHf2rwCHo/view?usp=drivesdk
BG/T/22995,https://drive.google.com/file/d/1q-OyvWskyCuR4STVzTbcDKuShsHZ0zZm/view?usp=drivesdk
BG/T/22990,https://drive.google.com/file/d/1I94R8nmIUXuZkHkGtvDei1bsJIFcjNdc/view?usp=drivesdk
BG/T/22993,https://drive.google.com/file/d/1JUTuM9Pw2O1zONYgAIMKq0YOR3Qzg6F_/view?usp=drivesdk
BG/T/22991,https://drive.google.com/file/d/1Wm5eN1b4l3Vzn6Tr-CplqfPcHOo_rfZ_/view?usp=drivesdk
BG/T/22989,https://drive.google.com/file/d/1l_8AQiGRRNHhC_ekZ2gLLBTTWCmc5KMY/view?usp=drivesdk
BG/T/22988,https://drive.google.com/file/d/1eo3HJKcL9F8iF7INmnJSQmInoIkqhqzl/view?usp=drivesdk
BG/T/22997,https://drive.google.com/file/d/1kvzv5Uy8-BV667EKP_4nvXcNe_hdxetj/view?usp=drivesdk
BG/T/22996,https://drive.google.com/file/d/10sEcEcRcUiMX7333KtCmiC6VBdrqW3si/view?usp=drivesdk
BG/T/22994,https://drive.google.com/file/d/1PEb0HGlj7WBSL-sBMsGfes0Gg60qVsnn/view?usp=drivesdk
BG/T/22998,https://drive.google.com/file/d/1qDirbtvQt2qknk2EHFrsedacobGP4kh4/view?usp=drivesdk
BG/T/21041,https://drive.google.com/file/d/1sbst6NJP-7ZAz7IYUn-54UDartCm1oKZ/view?usp=drivesdk
BG/MN/3327,https://drive.google.com/file/d/1mHRBuICUzPxuXxzG0wpWediX2B1fNHbq/view?usp=drivesdk
BG/MN/3326,https://drive.google.com/file/d/18UNZGCTB6PH2KVwbP0YPCP0uFTdNcnCt/view?usp=drivesdk
BG/MN/3325,https://drive.google.com/file/d/17hN9nPcbU7dHgH85ZqjJa0hFghx0UZQc/view?usp=drivesdk
BG/MN/3324,https://drive.google.com/file/d/1oiJUkqUZ0N_zO_z1IdxXXeKN887tI-pK/view?usp=drivesdk
BG/MN/3323,https://drive.google.com/file/d/1YlCfQaX012VGsn0WyX97xkt125eQKIdE/view?usp=drivesdk
BG/T/22999,https://drive.google.com/file/d/1V1eBHLgMuqctSW7qcRun252LgXYrrnc_/view?usp=drivesdk
BG/T/23000,https://drive.google.com/file/d/1LuMdhEOlziV7yFpclHN2SQCGXn_rdyIy/view?usp=drivesdk
BG/T/23001,https://drive.google.com/file/d/1lpXAbJ3Z14mAJnPI1NMjzfjCJF7WwCNi/view?usp=drivesdk
BG/T/23002,https://drive.google.com/file/d/1bC0d67WIlxWMFYWhGB1veOi6kz-RL-Q0/view?usp=drivesdk
BG/T/23005,https://drive.google.com/file/d/1Oqj7L7q79D5AQIC5Gyx-pIr5Zi7XTXo4/view?usp=drivesdk
BG/T/23004,https://drive.google.com/file/d/10uMqMVZ3E2KrLvsSPhYAXNfeQOA5oU5G/view?usp=drivesdk
BG/T/23006,https://drive.google.com/file/d/1QxhICCW3om_3FS_eYxSthnsndaZjnMZt/view?usp=drivesdk
BG/T/23007,https://drive.google.com/file/d/19jFZ2Wq6VLZVcGfn7DSuu1uarRsuxV48/view?usp=drivesdk
BG/T/23003,https://drive.google.com/file/d/1jw2S3hRtveV78wWfE9uiqUNuK-XevrN4/view?usp=drivesdk
BG/T/23008,https://drive.google.com/file/d/16NwPMbfWOSAVbZVnIJX6iFmP3OvKdFYt/view?usp=drivesdk
BG/T/23009,https://drive.google.com/file/d/1_BD5LPkv9bBvdxlFP6HNU14rsNpD1IBX/view?usp=drivesdk
BG/T/23010,https://drive.google.com/file/d/1kP10tnED24h9MlZk83iOrmzqDDP2OJQ7/view?usp=drivesdk
BG/T/23012,https://drive.google.com/file/d/1K8cT1IhlJb6rNKBpGla0lIPP80GDUQKP/view?usp=drivesdk
BG/T/23014,https://drive.google.com/file/d/1O9W4yWeqqcb3VNeldyHas2GVc6KzX3wW/view?usp=drivesdk
BG/T/23011,https://drive.google.com/file/d/1Z4ZqkWv6ksBr3_Oq7ffmi0ROFeO6Ij-z/view?usp=drivesdk
BG/T/23013,https://drive.google.com/file/d/1o91HbGwEWEAnmP0vI7DkAm6ibnqe1eTz/view?usp=drivesdk
BG/T/23016,https://drive.google.com/file/d/1obH3VzG1V4cfA9qHs8v-VEkFraRKjqMu/view?usp=drivesdk
BG/T/23015,https://drive.google.com/file/d/1rBejxxz7ZYoMpQ4dMjU_gFDkTe27QPPf/view?usp=drivesdk
BG/T/23017,https://drive.google.com/file/d/1xqQJiDW3WTkKn-w4l-lnFp1hKHFzCvsS/view?usp=drivesdk
BG/T/21536,https://drive.google.com/file/d/1vNwsT0WFmhT1_-u5uXfz-0-tT_lnxNW1/view?usp=drivesdk
BG/T/23021,https://drive.google.com/file/d/1qpuesXeNZjTJJO6dZZ1_vk2HO94qhT6Y/view?usp=drivesdk
BG/T/23026,https://drive.google.com/file/d/1qfqWSa8qHhqML19LFcahONSYd46_F0Q5/view?usp=drivesdk
BG/T/23019,https://drive.google.com/file/d/13QU7RCeJttzr_XQ0nAEeFpXTMl5gjBxe/view?usp=drivesdk
BG/T/23024,https://drive.google.com/file/d/1FPylDedFJTfihv5Ix7iR_ZFGqBbrOCxa/view?usp=drivesdk
BG/T/23023,https://drive.google.com/file/d/1EHcu4o5N4e3cWynTzzeH2eo0MxPpOeEg/view?usp=drivesdk
BG/T/23025,https://drive.google.com/file/d/1v5bivto5PDTaAPwbguEWGtiH8E9OqH5d/view?usp=drivesdk
BG/T/23020,https://drive.google.com/file/d/1t4Ad2b3GZ3yfSMwEp14Rb3VILnYZO3z_/view?usp=drivesdk
BG/T/23022,https://drive.google.com/file/d/1XAro3XwNtlqA_AStLJbjqZb-N2nCuzcO/view?usp=drivesdk
BG/T/23018,https://drive.google.com/file/d/1Tp7RHW1fPKJTzAkldX-WGLOcGTWbCMsk/view?usp=drivesdk
BG/T/23027,https://drive.google.com/file/d/1_N2P0KnB_sh0mky0nITuRqiyTBt8klsm/view?usp=drivesdk
BG/T/23029,https://drive.google.com/file/d/1lRoViqKdBJA3M8CpES3xRtvG7DiaScX2/view?usp=drivesdk
BG/T/23028,https://drive.google.com/file/d/1GDRcPnpYbcKZyNx7WGxpyHhPX2EicggB/view?usp=drivesdk
BG/T/23030,https://drive.google.com/file/d/1RtF6D0S2A5jf-Y4s8TkqzLy0pJg9IsqD/view?usp=drivesdk
BG/T/23031,https://drive.google.com/file/d/156_C43x_RX8aAt8niNhW7ctaJZzHtdq6/view?usp=drivesdk
BG/T/23032,https://drive.google.com/file/d/1b2icSGCf3uXE-7YB3Y-Th5Sudnb-uwFf/view?usp=drivesdk
BG/T/23034,https://drive.google.com/file/d/1x8MEDRCjxnQS73-r6cPd_4G-aMM4kzvA/view?usp=drivesdk
BG/T/23033,https://drive.google.com/file/d/1scgW6ihi56hgX2ZsFITC_222T1RVOW4N/view?usp=drivesdk
BG/T/23035,https://drive.google.com/file/d/10rZUV7TbH8OadGHeqgOEbokjAcJJ4oI0/view?usp=drivesdk
BG/T/23036,https://drive.google.com/file/d/15dQ2MG2OXyL2kjsumsQ9ioqyM9Mox28m/view?usp=drivesdk
BG/T/23037,https://drive.google.com/file/d/1X7CNguyXplcsAxHpa0H2DafMbQke1f8V/view?usp=drivesdk
BG/T/23040,https://drive.google.com/file/d/1WwZEOwE8bnYO1NargHxpsyD3uMXkzkHz/view?usp=drivesdk
BG/T/23043,https://drive.google.com/file/d/1Ni5ViYNGr5HeqBe8hW9lQNGlUboQt1fk/view?usp=drivesdk
BG/T/23042,https://drive.google.com/file/d/18rQaUemEl35llIof9Pb0Xao08k8Kz9sT/view?usp=drivesdk
BG/T/23041,https://drive.google.com/file/d/1szYX7X1YE4ZK-A8F0uJVmuImcPXGdS8-/view?usp=drivesdk
BG/T/23038,https://drive.google.com/file/d/1XDDJHQq1CxF2OrDfdm8-4oYSqEr_UGu8/view?usp=drivesdk
BG/T/23039,https://drive.google.com/file/d/10PRUusjVf7r3Y-J7haRj2AuGSF8FB5_A/view?usp=drivesdk
BG/T/23047,https://drive.google.com/file/d/17_0sfltT2rT2B_m7G4BmlwqiMWb1W8C2/view?usp=drivesdk
BG/T/23049,https://drive.google.com/file/d/1gbCSe7Tw0AEXX8N0YM2nYCHb6ErLHd7Y/view?usp=drivesdk
BG/T/23045,https://drive.google.com/file/d/1zE6vhIg_LmoB9sS3MCk6tO-6MycSxkCH/view?usp=drivesdk
BG/T/23048,https://drive.google.com/file/d/1r-50ZzbAmOqKmfQeNH9p2P9C7dq7D0iO/view?usp=drivesdk
BG/T/23050,https://drive.google.com/file/d/1yPhRFDI8lWV-2xLocfVRycPvJElysAvX/view?usp=drivesdk
BG/T/23044,https://drive.google.com/file/d/1ZiR0x--42iVpY_uQ3Yv9Ot_N-E0La0mS/view?usp=drivesdk
BG/T/23046,https://drive.google.com/file/d/1BQmrfzEUVzskti6reOeUeeyECn3RJWp5/view?usp=drivesdk
BG/T/23051,https://drive.google.com/file/d/1-iPp_lpRy602vO5f3bQAbqPKy_R_R8sH/view?usp=drivesdk
BG/T/23055,https://drive.google.com/file/d/1fMYVp7kVOG0eCzDmVftsboJTLHUUXP-c/view?usp=drivesdk
BG/T/23052,https://drive.google.com/file/d/1qI-7tY6u2mhCj-VUP5dBN2wKWaIQJtsQ/view?usp=drivesdk
BG/T/23054,https://drive.google.com/file/d/1sYZhrLMrP8W5eZW9QdwiX6PzQkNeHJHU/view?usp=drivesdk
BG/T/23053,https://drive.google.com/file/d/1ZJxRoB2qrMSCnODScriIEaFAhSq5kAWy/view?usp=drivesdk
BG/T/23058,https://drive.google.com/file/d/1qN-u8hDotMHSJLWsbFABdoyZBzs5wZbZ/view?usp=drivesdk
BG/T/23057,https://drive.google.com/file/d/1yo1eTWH4h-92KKMyjvifmhw7u1Nu6XkR/view?usp=drivesdk
BG/T/23056,https://drive.google.com/file/d/1Ubcg3NYfiOlvClpe4GVqa-_ZHqhi31Er/view?usp=drivesdk
BG/T/23066,https://drive.google.com/file/d/1UWINzj_IO7GAV6jRMkFxfFAoute_0z_B/view?usp=drivesdk
BG/T/23065,https://drive.google.com/file/d/15Y7vE8bDMRmSVLS191ncXXLN23zO1P_C/view?usp=drivesdk
BG/T/23059,https://drive.google.com/file/d/1M-WyjHWvPhprZJWUJ-CUree3MLayXaB_/view?usp=drivesdk
BG/T/23060,https://drive.google.com/file/d/1jeJtGuB-YSyHlNd0U0LtKW5ZfyaHiNmv/view?usp=drivesdk
BG/T/23061,https://drive.google.com/file/d/1l1lYZJ9BitVpKhsiq7MXgy2UuO9t9Kps/view?usp=drivesdk
BG/T/23062,https://drive.google.com/file/d/18YDRdLkPhA5mjRddi8tKL5r9rQDKI4i_/view?usp=drivesdk
BG/T/23063,https://drive.google.com/file/d/127LgIgksM0a_G42WrnMukYfPF_PLEE5r/view?usp=drivesdk
BG/T/23064,https://drive.google.com/file/d/1mzzMPUKhKqJB1ZRKoINzjYFfGCafYGzX/view?usp=drivesdk
BG/T/23067,https://drive.google.com/file/d/1M8AOumfcH3tUDCf1MJ3nTf5qQeCBvswC/view?usp=drivesdk
BG/T/23068,https://drive.google.com/file/d/1vxD2zSDkViumLeU6jTJLX7JBXupz9JwL/view?usp=drivesdk
BG/T/23069,https://drive.google.com/file/d/1GjabLzTWZjXaw4oxSRaviGMQwl9TZqY7/view?usp=drivesdk
BG/T/23070,https://drive.google.com/file/d/15P_YohYCSEhF4MFoGhIeQkhEEDx_2Sk7/view?usp=drivesdk
BG/T/23071,https://drive.google.com/file/d/1w3EDYxNvqann1hlyxfzUBCVE7U9KYnQG/view?usp=drivesdk
BG/T/23072,https://drive.google.com/file/d/1NFvjFEci_kxkVE8SdgilLME4u7Lhb38X/view?usp=drivesdk
BG/T/23073,https://drive.google.com/file/d/1oyiR2GOMnjAk8lb3HdCjYiip2qoNk_nv/view?usp=drivesdk
BG/T/23074,https://drive.google.com/file/d/1mupkMekNDecYFYMmrJ-7Fgw6GqiXSUxo/view?usp=drivesdk
BG/T/23075,https://drive.google.com/file/d/1jgYNzdFrEmiBOjupAbXoLK3nWkYMBzUM/view?usp=drivesdk
BG/T/23076,https://drive.google.com/file/d/16_xoKhsZKsOFKwZ7Qf5pnPT861ErkNX1/view?usp=drivesdk
BG/T/23077,https://drive.google.com/file/d/1sQC6ZBf9SPLRYqZfxotj4wu38FJjTrYV/view?usp=drivesdk
BG/T/23078,https://drive.google.com/file/d/14kwlUHXFSDMqLdwSC-9nrJ6VW6wFjPYm/view?usp=drivesdk
BG/T/23079,https://drive.google.com/file/d/1HjPjHFBZxw--3Stsu9L1TsdRH8GVVnYg/view?usp=drivesdk
BG/T/23080,https://drive.google.com/file/d/1nypkpBLktDciUiQD5xG4jrKmXUbwsISR/view?usp=drivesdk
BG/T/23081,https://drive.google.com/file/d/1wNYIlGWi0LsuzyHzI13I-s_0OuYKq0nY/view?usp=drivesdk
BG/T/23082,https://drive.google.com/file/d/1gRCmJwNjxDc_vOh718JjfFe_APJWxbNo/view?usp=drivesdk
BG/T/23083,https://drive.google.com/file/d/1xJBj48_cPMTWY-zIoUwBSs9abTIm6afQ/view?usp=drivesdk
BG/T/23084,https://drive.google.com/file/d/156Fum-eCSMVD0q2wkm4YEskqw_7dO2xe/view?usp=drivesdk
BG/T/23085,https://drive.google.com/file/d/1rLCMje1A3RE5zNfhfAyb2Eo0eK0B4dFL/view?usp=drivesdk
BG/T/23086,https://drive.google.com/file/d/1Yp2q_Oad5S9uYotc6l9NJCpjVVNB1K1A/view?usp=drivesdk
BG/T/23087,https://drive.google.com/file/d/1zlT32so-tOTMTeRX5Ge19vX_7Fp6c1xa/view?usp=drivesdk
BG/T/23088,https://drive.google.com/file/d/1bT2-TD-OmhzpzqG-HEKs_nRm0wYKWrw7/view?usp=drivesdk
BG/T/23089,https://drive.google.com/file/d/1vvDvn1TqtIr1yS9kFymj-ZZKHwNtg-2B/view?usp=drivesdk
BG/T/23090,https://drive.google.com/file/d/1WhOF5VsaPeMSIb1aatW14xRTJIleEFLy/view?usp=drivesdk
BG/T/23091,https://drive.google.com/file/d/1k_vF0NeuRmy9wGfeePraKa7U3W4mifUk/view?usp=drivesdk
BG/T/23092,https://drive.google.com/file/d/1Kzgq7YOlrMC79B9LkJi9UL5gChlk_ZTS/view?usp=drivesdk
BG/T/23094,https://drive.google.com/file/d/1FyV3Tx-dZpomzkrH3-k0-TcuiF8XHelA/view?usp=drivesdk
BG/T/23093,https://drive.google.com/file/d/1ZC2Otaqc0j6PiIL3fma8c4lUL79Cn2RF/view?usp=drivesdk
BG/T/23095,https://drive.google.com/file/d/17pkhGjZcMc-LZ7kkofRJuRNXYKbYSTCD/view?usp=drivesdk
BG/T/23096,https://drive.google.com/file/d/1oP1XX4ORKxLpWDUv8lATRIBSJ_6cO0iR/view?usp=drivesdk
BG/T/23097,https://drive.google.com/file/d/1nYFi5fy6sWUhTJlR-H9nHMG7YAbvglDi/view?usp=drivesdk
BG/P/000535019576,https://drive.google.com/file/d/1kmJvt1xqN0OFnF3bEpKbo1V-NTzAQx30/view?usp=drivesdk
BG/P/000535019578,https://drive.google.com/file/d/1Fa-5cHLJ7y5V5Qp0Ux99-PLUo_C4qLdV/view?usp=drivesdk
BG/P/000535019579,https://drive.google.com/file/d/1hpCTWp4zpyWbcVrPVPQaCxe2VJlLQkzl/view?usp=drivesdk
BG/P/000535019575,https://drive.google.com/file/d/1C-gTGIkDqE12uoIhYema8Zbj9XcbKJE-/view?usp=drivesdk
BG/P/000535019563,https://drive.google.com/file/d/1sVeDlhx2oWBesAAKO-DCN9eH4VQETMTS/view?usp=drivesdk
BG/P/000535019559,https://drive.google.com/file/d/1X6sxj9_rcpUy-aAu8DBCZLc-Dk__dytY/view?usp=drivesdk
BG/P/000535019557,https://drive.google.com/file/d/1sdfv2zUXr_mxLPo8eYU478MMsKBQFwr6/view?usp=drivesdk
BG/P/000535019572,https://drive.google.com/file/d/1ACPuxIZHXGnyvRo_ygYWGNUeksPCyg3N/view?usp=drivesdk
BG/P/000535019565,https://drive.google.com/file/d/1D3VSLIw1aDS4t5wOwUDNKdysbkKrKEuw/view?usp=drivesdk
BG/P/000535019564,https://drive.google.com/file/d/1OFkPl7DAGcgEbyl6ED1vzATgsNsWw__n/view?usp=drivesdk
BG/P/000535019571,https://drive.google.com/file/d/1FGBuaRMpVN0q4Kprjf3_Wf3CVU-6FFc8/view?usp=drivesdk
BG/P/000535019569,https://drive.google.com/file/d/1eWLH2p5gevJWf9yc1vKqXXzaSuYtBUUE/view?usp=drivesdk
BG/P/0005350195832,https://drive.google.com/file/d/1d7sMsrIk1RrQQ08-U1lO2sT0QEsROzhY/view?usp=drivesdk
BG/P/000535019573,https://drive.google.com/file/d/10adPe9eaPuUI1gGFMWNjDzyPsjbetiyV/view?usp=drivesdk
BG/P/000535019577,https://drive.google.com/file/d/1hnDdDI_MoPdpLa4xUVZbyPZjCQn0t0Z4/view?usp=drivesdk
BG/P/000535019566,https://drive.google.com/file/d/1CuVvrgZgumSxjpC14HR9U2gtYxddyRZ-/view?usp=drivesdk
BG/P/000535019570,https://drive.google.com/file/d/1QytIhk_HA9Nn5Wygc7mQtJOid7fs3kOq/view?usp=drivesdk
BG/P/000535019562,https://drive.google.com/file/d/1Sub-8V_-0SRF1jzUxSTgjjA5xfiL28_w/view?usp=drivesdk
BG/P/000535019574,https://drive.google.com/file/d/1abHFqLSfr4UyUXudOEaE_53tkJI8uhhd/view?usp=drivesdk
BG/P/000535019558,https://drive.google.com/file/d/1rf1Amf33BiuUDABbUKuLIno8g7uCCbjc/view?usp=drivesdk
BG/P/000535019560,https://drive.google.com/file/d/121NepVL0MAXxKNOkvb3g1YkRsoyJsSKN/view?usp=drivesdk
BG/P/000535019561,https://drive.google.com/file/d/1_k7zi8j84Vo-pfHOfj2y5sicAJxLn4OV/view?usp=drivesdk
BG/P/000535019567,https://drive.google.com/file/d/1dRQQahQnhaUtlixMQEPipsqzBuvHKJiw/view?usp=drivesdk
BG/T/23098,https://drive.google.com/file/d/1AHQy_BiRKjKGe90972CnmbGqJV2bRcVl/view?usp=drivesdk
BG/T/23099,https://drive.google.com/file/d/1vuds3dS27IFkh0Q_EkjTLDsv3LQRqq-h/view?usp=drivesdk
BG/T/23100,https://drive.google.com/file/d/1YwjTf_xGcH6bg3tkwvfLmPdQyYMiLLmL/view?usp=drivesdk
BG/T/23101,https://drive.google.com/file/d/1BLAo0KtBKgH6IluweC97rholfYcpiBUy/view?usp=drivesdk
BG/T/23102,https://drive.google.com/file/d/1ZQkCqBwLhMn7yvwKsxyeqZyFoyDJGN0C/view?usp=drivesdk
BG/T/23103,https://drive.google.com/file/d/1uPqGbyrsweIkVD-sBcFriAVxASdzRV9b/view?usp=drivesdk
BG/T/23104,https://drive.google.com/file/d/1Uor910dqAEnFLJed2zzRXywQRft5DFg3/view?usp=drivesdk
BG/T/23105,https://drive.google.com/file/d/1dzwGSlqX5wNA9FklsOtYns8FFws-eavO/view?usp=drivesdk
BG/T/23106,https://drive.google.com/file/d/1LwtmPAiZVOnlNQZF6rHBGNMsF-apSmHn/view?usp=drivesdk
BG/T/23107,https://drive.google.com/file/d/1fCd2RI59Wa0prQitS7dCgo9E94XmIXmm/view?usp=drivesdk
BG/T/21937,https://drive.google.com/file/d/1nDY0jmlZ0dp4626_11HYnSTYUeDCKe9e/view?usp=drivesdk
BG/E/30720,https://drive.google.com/file/d/1RrqmlXhY_lyRh6WjwhkAjZWComTwmgKj/view?usp=drivesdk
BG/E/30719,https://drive.google.com/file/d/1JtqupZGXD2VZMLsX-NIJLl3p6PSa5hgx/view?usp=drivesdk
BG/E/30718,https://drive.google.com/file/d/1if-jbLTLIEd7OAxoe6VupmQVAcniDXHr/view?usp=drivesdk
BG/E/30717,https://drive.google.com/file/d/1twHJAPRhGSj9VeBRl1I_CI8cNFBDJFW7/view?usp=drivesdk
BG/E/30716,https://drive.google.com/file/d/1LKmcn_uaOBfdcEdyTDG-k2tDnsl_RY7l/view?usp=drivesdk
BG/E/30715,https://drive.google.com/file/d/1qQXtoQ5sfwX90FbkJROSyAQtPxRG2QnF/view?usp=drivesdk
BG/T/21883,https://drive.google.com/file/d/1v7fabaOZE0fKewQy6gyk1sZiTYVyz0EW/view?usp=drivesdk
BG/T/23108,https://drive.google.com/file/d/11P0MHEVAU7lROJ26lbeHurVlQ2tTyiS2/view?usp=drivesdk
BG/T/23109,https://drive.google.com/file/d/1iHpVSn_dDwqvNpIsUMb6rcHQEOT_UM2Q/view?usp=drivesdk
BG/T/23110,https://drive.google.com/file/d/1WZss-7TAeVgtjAqqoiQiTVAIDgX50XvC/view?usp=drivesdk
BG/T/23111,https://drive.google.com/file/d/1MMtFRECHtMsCp9Y0zw74x3g6PgVl946R/view?usp=drivesdk
BG/T/23113,https://drive.google.com/file/d/1tXPZ701hCx7v7cNtfk2N08or2HsWywLJ/view?usp=drivesdk
BG/T/23112,https://drive.google.com/file/d/1NAs3OpBepT081x292I2kdGNOCK_0tas5/view?usp=drivesdk
BG/T/22114,https://drive.google.com/file/d/1eefhfTNUJBkqGkcpIGQSV5pSEnh4lFh2/view?usp=drivesdk
BG/T/22115,https://drive.google.com/file/d/1pmjNKi5HbUOQJip_fsrNiyuvCaZMtXb1/view?usp=drivesdk
BG/T/23114,https://drive.google.com/file/d/1hX18tGGXrm3faXlAV4QGwcdX6vurQKAr/view?usp=drivesdk
BG/T/23115,https://drive.google.com/file/d/1esN1GLoMbQFm6kpCpZvDt0zCKkKojC1w/view?usp=drivesdk
BG/T/16363,https://drive.google.com/file/d/1w-bBsO4fNv-GpP-lNCfoSfwEhiUNILja/view?usp=drivesdk
BG/T/23116,https://drive.google.com/file/d/1-GjKKyOUQlqeNQrD4ii0_EozKLgZZBUt/view?usp=drivesdk
BG/T/23117,https://drive.google.com/file/d/1vahhm8cC_8ufoayUuD7tN6A2viYvLKNz/view?usp=drivesdk
BG/T/22047,https://drive.google.com/file/d/1Ls-d5M9kOFu97MWcBi_fg4KVHloPTTg1/view?usp=drivesdk
BG/T/23118,https://drive.google.com/file/d/13lD8Vlw7L-ZJ-cJLRFbnmNm3mydEqYsJ/view?usp=drivesdk
BG/T/23119,https://drive.google.com/file/d/10hrcWdVQI46J_axlWEvBtwknoUN67Usy/view?usp=drivesdk
BG/T/21570,https://drive.google.com/file/d/1OIfPOqIr068cDYjh8TzYv0iFZPWEeMPC/view?usp=drivesdk
BG/T/23120,https://drive.google.com/file/d/1cR0SwMIUaSgmUb34nHbI7uIWXgTTmcbS/view?usp=drivesdk
BG/T/22183,https://drive.google.com/file/d/1VLsexPs2MHYjD3wPslklsZkN9IAzukTy/view?usp=drivesdk
BG/T/23128,https://drive.google.com/file/d/1tXDhpH1JgoPl9O1bFk6wEj7kRoO7ugCk/view?usp=drivesdk
BG/T/23121,https://drive.google.com/file/d/1ZI_Ij4QUytMFNoTl6YcOddLQWbbJAcz4/view?usp=drivesdk
BG/T/23131,https://drive.google.com/file/d/1hPnNZ4zXJJm3OE6T8qFgZXRMAnOaCHUC/view?usp=drivesdk
BG/T/23127,https://drive.google.com/file/d/17wh77vokJFiW2u9vg0N1uu3uboiCacp2/view?usp=drivesdk
BG/T/23125,https://drive.google.com/file/d/1cw9_HTjn9wMlkG-5r6ZvF7e_g2KhaBGL/view?usp=drivesdk
BG/T/23124,https://drive.google.com/file/d/112_831t8vpESfaXq8lrby1t05LSPwrlM/view?usp=drivesdk
BG/T/23123,https://drive.google.com/file/d/1pCpKY_N8TbqZiVibvbnJaQP2eImzuAjD/view?usp=drivesdk
BG/T/23126,https://drive.google.com/file/d/1na3sfsk9lN_84I_Kn-iMq_LJahcXGb0f/view?usp=drivesdk
BG/T/23122,https://drive.google.com/file/d/1RhS2mgIob0x_JCE-m6-fMOHDzt4XdvIE/view?usp=drivesdk
BG/T/23132,https://drive.google.com/file/d/1XGpgI36qu-QKjskZSzObKTjX-Ezg_Y8_/view?usp=drivesdk
BG/T/23130,https://drive.google.com/file/d/1dqzAb3-9cNAOS50AfwDyHE1i6Wyj38Tt/view?usp=drivesdk
BG/T/23129,https://drive.google.com/file/d/1dqGAuYh4McowOMQ6hNzjgn-iSAf2i_ds/view?usp=drivesdk
BG/T/19918,https://drive.google.com/file/d/1-ubb-G9HuNb1GKGsovYxQ5hU21v_vGNc/view?usp=drivesdk
BG/T/20019,https://drive.google.com/file/d/1LgTV4ZE1Zc7OLBtlDWp-iJZYo33s_gNa/view?usp=drivesdk
BG/T/23133,https://drive.google.com/file/d/1VZWMDiIea9e9ZJLeUplROJJzAznTNaSl/view?usp=drivesdk
BG/T/23162,https://drive.google.com/file/d/18As1r2d_HzwVaodJDFFYFPNg20myLiwB/view?usp=drivesdk
BG/T/23161,https://drive.google.com/file/d/1RQD0e-CZ0irguMFv_rGi8lbsEMpFu2mX/view?usp=drivesdk
BG/T/23160,https://drive.google.com/file/d/1nha2ZLiHmt5qfcGDgwdiZNcDbWbs5voy/view?usp=drivesdk
BG/T/23159,https://drive.google.com/file/d/1zkynBg1txdr6QaGMQKL-2jRvuKKhY8ui/view?usp=drivesdk
BG/T/23158,https://drive.google.com/file/d/1QQQ1QC4C2TZ_n559AQENVlvPrfLhwQp3/view?usp=drivesdk
BG/T/23157,https://drive.google.com/file/d/10fQgCWyI__hVuYcQmRnZypKiceYzii_C/view?usp=drivesdk
BG/T/23156,https://drive.google.com/file/d/1yn3kd41p6eYb5hV5EyEGUiq299vjiYrv/view?usp=drivesdk
BG/T/23155,https://drive.google.com/file/d/1jpPQXD9qQ-E4eVWynv6UNl4rHgpnsASh/view?usp=drivesdk
BG/T/23154,https://drive.google.com/file/d/1xDpCpxpkhilGxGEj0kYrxGBzaEmdknuH/view?usp=drivesdk
BG/T/23153,https://drive.google.com/file/d/1OjPIYbppWkRw6NYnYy5rdCGeTTw6ZaCo/view?usp=drivesdk
BG/T/23152,https://drive.google.com/file/d/1l5POMGEe1vZ_6zWii2d46oMEpo4YD9bw/view?usp=drivesdk
BG/T/23151,https://drive.google.com/file/d/1SmdKstH3Jy4Xok_1ZNknDJ07k24Sv_y7/view?usp=drivesdk
BG/T/23150,https://drive.google.com/file/d/11tzSaFzrPv8p40r19iE-E4QQLLZn0BjP/view?usp=drivesdk
BG/T/23134,https://drive.google.com/file/d/1O6B6ovYOJqUNjovwOFvwCDrX1URc3Ret/view?usp=drivesdk
BG/T/23135,https://drive.google.com/file/d/1vGAy7pdFCwgAUM-BF5LeA6FLwD4BgBlQ/view?usp=drivesdk
BG/T/23136,https://drive.google.com/file/d/1DUH_MpHJgl83sfjFx1GjPNld9puybaS3/view?usp=drivesdk
BG/T/23137,https://drive.google.com/file/d/1g7rhJQocTwF6qwW2KLCeeovS_0TlCuqK/view?usp=drivesdk
BG/T/23139,https://drive.google.com/file/d/1fIgYdlghlJdDKtLw8xb-8QWbMM53teE4/view?usp=drivesdk
BG/T/23138,https://drive.google.com/file/d/1N1Hi_UvukXQdT_dBWM-Ikyd0bB5yYFvR/view?usp=drivesdk
BG/T/23140,https://drive.google.com/file/d/1fcqS40oFkbuq3d2-ljuGyt7jEL2khq_k/view?usp=drivesdk
BG/T/23141,https://drive.google.com/file/d/1dgmXwKEYfQLAXa2oTDXE-0Pl9m2HG78V/view?usp=drivesdk
BG/T/23142,https://drive.google.com/file/d/1SzR6QxBVWBRuy00AuJbmlbYhKln0jp6H/view?usp=drivesdk
BG/T/23143,https://drive.google.com/file/d/1S4QOox58IMavvbsNrv0JXhIDoBugV-rD/view?usp=drivesdk
BG/T/23144,https://drive.google.com/file/d/1aazjq95qBK0uOgfMEJBsE0kc5jj_zFGF/view?usp=drivesdk
BG/T/23145,https://drive.google.com/file/d/1rINjH6TY-DpH6cUJvV6gEVCKFOJX3G79/view?usp=drivesdk
BG/T/23146,https://drive.google.com/file/d/1VXvwS4z7_vLdRv_y-GFmJ_DImkUoG6Ng/view?usp=drivesdk
BG/T/23147,https://drive.google.com/file/d/1uGf2G4kpJCWGnXKJU99Gq6Sn4x0fUT8z/view?usp=drivesdk
BG/T/23148,https://drive.google.com/file/d/1TAj-TMVDUHUCT1X76BsPvobYRSLAZbzq/view?usp=drivesdk
BG/T/23149,https://drive.google.com/file/d/1cyG1THm7vg35A7ebKLJAh6gLYT3PXKBQ/view?usp=drivesdk
BG/T/23163,https://drive.google.com/file/d/1FgDuxLvidIPNudgAzytXntGxXeznAUY0/view?usp=drivesdk
BG/T/23165,https://drive.google.com/file/d/13LbgT9ERnbxjShfpRFQAX_ja1kjPo7cL/view?usp=drivesdk
BG/T/23166,https://drive.google.com/file/d/1T9RuakK-05VcIvXLpsidazP4ZxxdoKK-/view?usp=drivesdk
BG/T/23167,https://drive.google.com/file/d/1bF6sb4bscyrffVUOCCQUjxnHFw4rEGT5/view?usp=drivesdk
BG/T/23168,https://drive.google.com/file/d/11gbwfV7CMrtDcoqaWBHRdnyz7W3aYguY/view?usp=drivesdk
BG/T/23169,https://drive.google.com/file/d/1r6xa_fCuVvklpMk5YsIpEH0i1zCfFQgm/view?usp=drivesdk
BG/T/23164,https://drive.google.com/file/d/1PzM7wgX2_rd3m7XnkHZ2z5y1lifaseWx/view?usp=drivesdk
BG/T/23170,https://drive.google.com/file/d/1rutE-3cgVSGOxkEb0USHRIHTHg9lvIa6/view?usp=drivesdk
BG/T/23171,https://drive.google.com/file/d/1EhHUhgwMNjgG8DTvL0NXKZzT3iuP10cH/view?usp=drivesdk
BG/T/23172,https://drive.google.com/file/d/1g-qo4yqGIX9OXqpHdhrCC_gnDSB9Kfst/view?usp=drivesdk
BG/T/23173,https://drive.google.com/file/d/14SUh9LjT3bQ03-PRnD6DbBeOD8fHWicj/view?usp=drivesdk
BG/T/23174,https://drive.google.com/file/d/1FVmESQdR6wj0_5E65uz9VoOu6uXbCSPr/view?usp=drivesdk
BG/T/23175,https://drive.google.com/file/d/1dwfTb2jBkdww4wk1DN-yj5QpODSC9trQ/view?usp=drivesdk
BG/T/23177,https://drive.google.com/file/d/1QZ_gth0n962oR9o5FI086-PMvzQYVCaO/view?usp=drivesdk
BG/T/23176,https://drive.google.com/file/d/1Xm-oeZhUAoWL-CXxGv2KpmE4C4YOF_9E/view?usp=drivesdk
BG/T/23178,https://drive.google.com/file/d/1NRNcm95jxoLPCeK3NSNn9FfIF5Ua3p4C/view?usp=drivesdk
BG/T/23179,https://drive.google.com/file/d/1ayTXYuMqZIT_2CKUJ3xZWhxHBlQZjCRJ/view?usp=drivesdk
BG/T/23180,https://drive.google.com/file/d/1_HqkuO8NwZvcDm2XemqJk29C91E2tAqU/view?usp=drivesdk
BG/T/23181,https://drive.google.com/file/d/1nkawy2qxfhDTf8MNfAUQHhYXr5EXWhWA/view?usp=drivesdk
BG/T/23182,https://drive.google.com/file/d/1JfvaGV6vj3cwq_5RLBaKOUaG-GGMnv0g/view?usp=drivesdk
BG/T/23183,https://drive.google.com/file/d/1dnvTxBvf2h-XuZIi26jL8HsCRXW08b03/view?usp=drivesdk
BG/T/23184,https://drive.google.com/file/d/1IExkyXt0zDAdTRywLYKZM74y8w261DAZ/view?usp=drivesdk
BG/T/23185,https://drive.google.com/file/d/1C2HWTV-mELVtKALOsJD1Exlp4pbIIrUv/view?usp=drivesdk
BG/T/23186,https://drive.google.com/file/d/1dHoTPjmkDzsA3-htr-KqPdKAP8v6fivo/view?usp=drivesdk
BG/T/23187,https://drive.google.com/file/d/12G535haChdLUFTys8GrAhwaWJVDmtxdp/view?usp=drivesdk
BG/T/23188,https://drive.google.com/file/d/1fTiyS1uuiY5QxCJpDDfwQoTnhhSR6PHE/view?usp=drivesdk
BG/T/22430,https://drive.google.com/file/d/1h7DlhXzVJqaNSpF4lq2834ZukNSbWp-h/view?usp=drivesdk
BG/MN/3328,https://drive.google.com/file/d/1HgLCfGy8AdV5tddWw2PoUhiEVnpw2qMk/view?usp=drivesdk
BG/MN/3341,https://drive.google.com/file/d/15m5lIjRsIFPOX8LkOlBJ7hpqeuOt2Gkg/view?usp=drivesdk
BG/MN/3340,https://drive.google.com/file/d/1TMOrz4DIvr2XV0-jZU_QHM2cKY6Was7n/view?usp=drivesdk
BG/MN/3339,https://drive.google.com/file/d/1DEswPz_yFVCP0gYzVr3X_a14F0ghyUPI/view?usp=drivesdk
BG/MN/3338,https://drive.google.com/file/d/1VpbWp3VDgKvPJhaC1mVtHDSchggMuXBB/view?usp=drivesdk
BG/MN/3337,https://drive.google.com/file/d/1M7dBSDpk4Q0WqiVgTasr_3x7TYJe2vNE/view?usp=drivesdk
BG/MN/3336,https://drive.google.com/file/d/1PRnxUdPkOecGkhTPXa2YU1dNIUe05Wio/view?usp=drivesdk
BG/MN/3335,https://drive.google.com/file/d/1-KzbsloP-RSUj_ZEZapC6CZY_bhXd6-J/view?usp=drivesdk
BG/MN/3334,https://drive.google.com/file/d/1y7BTM20AGgQ71SE-H-ujxZZekwI5boj4/view?usp=drivesdk
BG/MN/3333,https://drive.google.com/file/d/1Dcs_erl4f9ha2A9xAJfixUbxkpeQOeO0/view?usp=drivesdk
BG/MN/3332,https://drive.google.com/file/d/1SDrKvFqwHEKHa3L-alnnucq6bVIbvnhF/view?usp=drivesdk
BG/MN/3331,https://drive.google.com/file/d/1kNFtuicWfR2IinjBv3BLHlJ2xQg6244b/view?usp=drivesdk
BG/MN/3330,https://drive.google.com/file/d/1xY87bT58EpuF_q6jd7lkNkcAlQu8s44K/view?usp=drivesdk
BG/MN/3329,https://drive.google.com/file/d/1RqXTJMSLqh6IzmIzi3w_SJL0sYL64i-t/view?usp=drivesdk
BG/MN/3347,https://drive.google.com/file/d/1j9VMUSx1vWHtg5M4pqFyDdP5Cct02vMG/view?usp=drivesdk
BG/MN/3346,https://drive.google.com/file/d/1yUhonSmlSbj0GntMTOGJctGTQ5VbpobB/view?usp=drivesdk
BG/MN/3345,https://drive.google.com/file/d/1WTMRpk2Krwh0qNxT8pjzFCOgjzhKNKNF/view?usp=drivesdk
BG/MN/3344,https://drive.google.com/file/d/19SXVZTh5Fdpr6Tci4FSc6p-vHLWzhT-4/view?usp=drivesdk
BG/MN/3343,https://drive.google.com/file/d/1rVP8CZS_UcOul6efhCTwv_qccqa_hWEN/view?usp=drivesdk
BG/MN/3342,https://drive.google.com/file/d/1smKnnvLn_tFLYYPS16bvfTrCFa7ACZUF/view?usp=drivesdk
BG/MN/3356,https://drive.google.com/file/d/1Y083_wLpRPalpIfZR1AwFK6rRLxPENRf/view?usp=drivesdk
BG/MN/3355,https://drive.google.com/file/d/1CS5Q-NXbLolkljk44mTcCK6Rqoab9x2z/view?usp=drivesdk
BG/MN/3354,https://drive.google.com/file/d/11FmjbgNNQWAUT6Z12ABCrWnaduJdIgvC/view?usp=drivesdk
BG/MN/3353,https://drive.google.com/file/d/1dmHkNZGYzJC5EfR9YrxOKF-kviGHOX6Q/view?usp=drivesdk
BG/MN/3352,https://drive.google.com/file/d/1RTBSiGApDAn3QJxbM5zmvLYK-UHf-_5o/view?usp=drivesdk
BG/MN/3351,https://drive.google.com/file/d/1rgrWiiXUokada0C7xayitO4F-pik2lpt/view?usp=drivesdk
BG/MN/3350,https://drive.google.com/file/d/1p1iA2ovsyYFGDOTGtVo30yDnuLI7sQim/view?usp=drivesdk
BG/MN/3349,https://drive.google.com/file/d/1nFetaaye4et8T9iDpBxzBaPfi49mlNPF/view?usp=drivesdk
BG/MN/3348,https://drive.google.com/file/d/1ltFHFFW1G3jgFaHpsz6L87uc_u-LEvYn/view?usp=drivesdk
BG/T/23189,https://drive.google.com/file/d/1LQXf8IjJz-W_fcnUPW4vjgf9Gs0lgdGD/view?usp=drivesdk
BG/MN/3357,https://drive.google.com/file/d/1MHZ_KGDk8o9oZfpJjE69dNoYV-L7zOCL/view?usp=drivesdk
BG/T/22257,https://drive.google.com/file/d/1_NTAn5KCta0rBKyZg-3AcAsPQx-6RCoM/view?usp=drivesdk
BG/T/22287,https://drive.google.com/file/d/1i2_f_dKqDTGMUwxvhoM_OsrHUKzvw6ES/view?usp=drivesdk
BG/T/23190,https://drive.google.com/file/d/1UZyLSoISauVLGb7XsLrANsRuIovv_bwv/view?usp=drivesdk
9650,https://drive.google.com/file/d/18GDXR02Z78UfthX_Zq6vhTdkAEveBUH8/view?usp=drivesdk
BG/T/23191,https://drive.google.com/file/d/16UwQaJUfQsg_7qz0TwAD5owPemqbJPVp/view?usp=drivesdk
BG/T/23193,https://drive.google.com/file/d/1bPPHfXVoGR_QwsrBZbcs5XTXDP7yZSe_/view?usp=drivesdk
BG/T/23194,https://drive.google.com/file/d/1TqYKHMbQjlrebk6McumzbGY6JTd30Tq7/view?usp=drivesdk
BG/T/23195,https://drive.google.com/file/d/1h40G0PC1g9-z2u8pNecV6wl_gNOWRvgm/view?usp=drivesdk
BG/T/23197,https://drive.google.com/file/d/1lENYUwJYl21SsAnhpxb52tVGsHnD5Wrg/view?usp=drivesdk
BG/T/23196,https://drive.google.com/file/d/1GWSgq4Ut_CN31AwjJgIqYO6a84DYXQoK/view?usp=drivesdk
BG/T/23198,https://drive.google.com/file/d/1nKgnEvLdfQkA6MeCu3vMuFbJZPn_G8fJ/view?usp=drivesdk
BG/T/23199,https://drive.google.com/file/d/1iwZlI01bSt3d_dj2MMXDXsfpTCU0llgL/view?usp=drivesdk
BG/T/23201,https://drive.google.com/file/d/1LEw_nIk5HEVlGi2hiZbNxxe4OndHx3fp/view?usp=drivesdk
BG/T/23200,https://drive.google.com/file/d/1KhXl-rrjEZoS2sX9Q729QJTZDRuPH1f_/view?usp=drivesdk
BG/T/23202,https://drive.google.com/file/d/1N4cESp82ofIO_64JOYqqxbHrHC8zxc7M/view?usp=drivesdk
BG/T/23204,https://drive.google.com/file/d/1c9JXgkAzC_ncDGDOhE-SxrFQt_t-HUQ0/view?usp=drivesdk
BG/T/23203,https://drive.google.com/file/d/1-w8229i267dKnDw7ZgcGltN45RVqCfVv/view?usp=drivesdk
BG/T/23205,https://drive.google.com/file/d/1M7fiXjFUc5UDz3pSpL6_Dyd5wglciMCo/view?usp=drivesdk
BG/T/23208,https://drive.google.com/file/d/1_St_pau0mJdEXASKYyBnWNe9vT4K-7CC/view?usp=drivesdk
BG/T/23206,https://drive.google.com/file/d/1gqxBRJagQAxDnVMCFR6AQEiqjrXyzRh7/view?usp=drivesdk
BG/T/23207,https://drive.google.com/file/d/1PVGPUpPv21zUm_dUJ_IXhxZ-n14Rm_Pb/view?usp=drivesdk
BG/T/23209,https://drive.google.com/file/d/1tDRiQn_ugVlzEX-TAr235UhRJ2k5eqrT/view?usp=drivesdk
BG/T/21876,https://drive.google.com/file/d/1FuEDvErlofXGlypDWRvgDTSZK6TThDD6/view?usp=drivesdk
BG/T/21855,https://drive.google.com/file/d/1XcvNj7XfYLIV5bXYT6UwDvOvUXg4VpgA/view?usp=drivesdk
BG/T/21898,https://drive.google.com/file/d/1eA3SzvaZc57Jzmr1K1cKPyjMLhN_YK5B/view?usp=drivesdk
BG/T/21873,https://drive.google.com/file/d/1lsczxzQ05nTRxXIpHqPuMVTBd-rJkTId/view?usp=drivesdk
BG/T/21870,https://drive.google.com/file/d/1bo8rAGm4DYJYmvtF3Q_wFS8evqAg0oM3/view?usp=drivesdk
BG/T/21899,https://drive.google.com/file/d/1lZZesSK7-diMV9qY6ibWeJXjQqkJ1Fsk/view?usp=drivesdk
BG/T/21857,https://drive.google.com/file/d/1DtzyezAAOo_cqMRGcgYjQhBRKEar9mR1/view?usp=drivesdk
BG/T/21852,https://drive.google.com/file/d/15ZakIsGWdzU_ZF9X2F8fthdhLFq3p79e/view?usp=drivesdk
BG/T/21866,https://drive.google.com/file/d/1yu-Sai1yB7lMTCVeNPt-TunE69Hzn9G1/view?usp=drivesdk
BG/T/21867,https://drive.google.com/file/d/1_saD9s4-xnonNWhZr65scn46PLzzeNq3/view?usp=drivesdk
BG/T/23210,https://drive.google.com/file/d/1kgLEnAYuWJlYgfDrIzU7KzyEz3-MkXFo/view?usp=drivesdk
BG/T/3210,https://drive.google.com/file/d/1vaymyG83k0kwhG8Xfci1K-a5W2MebyJA/view?usp=drivesdk
BG/T/23221,https://drive.google.com/file/d/1rnFyoV2zWNyFr6Sc-QkHZSuAZoCiriHj/view?usp=drivesdk
BG/T/23219,https://drive.google.com/file/d/1z3UD647sziHpySiHDJN9SBoZGJuWDbRN/view?usp=drivesdk
BG/T/23220,https://drive.google.com/file/d/1XLzoJboBnN4xuYb7PJbVaMHj0B64I_Z8/view?usp=drivesdk
BG/T/23218,https://drive.google.com/file/d/1pHsSimVUv8H8vNXziVjFDI60p-VgY-OK/view?usp=drivesdk
BG/T/23217,https://drive.google.com/file/d/1Xdc2iGjng1pV9mY_7vnm0owLwTglIQcF/view?usp=drivesdk
BG/T/23216,https://drive.google.com/file/d/1zfcyMku-KpAEhRJ45JjiD027EXfpzvcL/view?usp=drivesdk
BG/T/23214,https://drive.google.com/file/d/14ETIyWWVLcpXkbZ6FE7jw2Z7xRuVBpOO/view?usp=drivesdk
BG/T/23215,https://drive.google.com/file/d/1lZrh0y8BDXrReLuW0s5kAU3Ysqol6Y__/view?usp=drivesdk
BG/T/23213,https://drive.google.com/file/d/17pLG8QjKVKqW9l5b5C5eU_P1dPXpjc9Y/view?usp=drivesdk
BG/T/23211,https://drive.google.com/file/d/1tUquYKPFk_GA5diU42pokmcamDm8ZFlC/view?usp=drivesdk
BG/T/23212,https://drive.google.com/file/d/1XC0oR8MvBlLmeviaaqVL62Vi3xvZd6j4/view?usp=drivesdk
BG/T/23222,https://drive.google.com/file/d/1U944v5Q_0NbsbDx-a0Iusj18xJe5tFVm/view?usp=drivesdk
BG/T/23223,https://drive.google.com/file/d/1NPYepw3D7A2u-Vi7qPr4pMvbJFc7O9Kv/view?usp=drivesdk
BG/T/23224,https://drive.google.com/file/d/1MbsvTopLjHCjD9fwSfkIzIV8teY5kMOv/view?usp=drivesdk
BG/T/23226,https://drive.google.com/file/d/1M3W9r40eDbjVQazLQ53hWXmf_skegMB7/view?usp=drivesdk
BG/T/23225,https://drive.google.com/file/d/1tAqjUuTXbvOIOh5j9oIMeR4tsdIKUWcp/view?usp=drivesdk
BG/T/23227,https://drive.google.com/file/d/1sN2iVwp0OmqB60id9J6uESD5kOCBq1fN/view?usp=drivesdk
BG/T/23229,https://drive.google.com/file/d/1XQSPNCBRtRwQkG_1aj7R5wF2ncy8Mk6M/view?usp=drivesdk
BG/T/23228,https://drive.google.com/file/d/1p6HbDpslV2h6aU8O84L8KZbpD44p4g_i/view?usp=drivesdk
BG/T/23230,https://drive.google.com/file/d/1EaYG7FAPmDC-jTnEpgAC6aBNZyQcdfE0/view?usp=drivesdk
BG/T/23231,https://drive.google.com/file/d/1GOZeMdAItixDSFS1mYKprI-bm0NsJEjA/view?usp=drivesdk
BG/T/23232,https://drive.google.com/file/d/1DNZl_3FCWY0290QWqFcY0lsMkkoLZkeL/view?usp=drivesdk
BG/T/23233,https://drive.google.com/file/d/1eBAVEo1dPqNmvw65IS95RYdvLY0y72zr/view?usp=drivesdk
BG/T/23234,https://drive.google.com/file/d/1CBlRF74GI5ztoHm-5jqsNfO2YUDa7kC_/view?usp=drivesdk
BG/T/23235,https://drive.google.com/file/d/1R2mjQySjreKhtdkOCY16Un7KxzbaSX5z/view?usp=drivesdk
BG/T/23237,https://drive.google.com/file/d/1oWdKgbQRhtIYS-XHw82i3dvSTCbXSUtJ/view?usp=drivesdk
BG/T/23236,https://drive.google.com/file/d/16cKxd2rXNfV5SdmsPPk2CPo4wtZeYiBQ/view?usp=drivesdk
BG/T/23238,https://drive.google.com/file/d/1_MS_6iIpLmrSEv5-EDvWarKAbu2Y5h3I/view?usp=drivesdk
BG/P/021825,https://drive.google.com/file/d/1RkZK8WTnJ7ubJ6cW4zrcyI3GmkNjq_cl/view?usp=drivesdk
BG/P/RO21825RN,https://drive.google.com/file/d/1YfT3PkJ7rOpkfNQqlR-8HfoJCctPwDk1/view?usp=drivesdk
BG/P/RO22025RN,https://drive.google.com/file/d/1qXKYVeca56OR8aI-2vLV-m5SX-aCwUg7/view?usp=drivesdk
BG/T/23243,https://drive.google.com/file/d/1AAnr9XjNkTYrsm7iHMQhIUTi9J9lGQ_b/view?usp=drivesdk
BG/T/23242,https://drive.google.com/file/d/1NgmNt52csuWxktY6eva6GGIcGIJtIllP/view?usp=drivesdk
BG/T/23241,https://drive.google.com/file/d/1oINwg-spXNzZBPlLtahfpBUPaOCs7ac4/view?usp=drivesdk
BG/T/23239,https://drive.google.com/file/d/1Ok1820Vq0LNCoxYekiVLlVNYcNFinBDL/view?usp=drivesdk
BG/T/23244,https://drive.google.com/file/d/1V0SNOXWr5mcprwq-GDDmAKMbU3HrEWxG/view?usp=drivesdk
BG/T/23245,https://drive.google.com/file/d/1Eex4CYuRtL1IqXkkLXHDC79QRVbZfNVw/view?usp=drivesdk
BG/T/23246,https://drive.google.com/file/d/1C2HIqnnPoI_dmA9pRA4ezKjIih07L7Q1/view?usp=drivesdk
BG/T/23240,https://drive.google.com/file/d/1QwjQZNKuNNgD67Tw0ud2EKhX2FpeStAe/view?usp=drivesdk
BG/T/23247,https://drive.google.com/file/d/1ZtjhDk2MoGmnATqNjunR89YISR3UYBt8/view?usp=drivesdk
BG/T/23248,https://drive.google.com/file/d/1SXWDsbR_suwlARX04tvuDuu94GCPjRi0/view?usp=drivesdk
BG/T/23250,https://drive.google.com/file/d/1fzg8mZNyQxYZ8IQ2ZG-EizEyMrjUzH2y/view?usp=drivesdk
BG/T/23249,https://drive.google.com/file/d/14Oq38XLQtMw0ltXEkHV8fGHJV9oLnV1A/view?usp=drivesdk
BG/T/23251,https://drive.google.com/file/d/1MgVKi9u6mU9Lfyesga_0mZhrc6VJdFfn/view?usp=drivesdk
BG/T/23252,https://drive.google.com/file/d/1y14hI2oAvXUkEcRf3li1a0t5hNV-dGWY/view?usp=drivesdk
BG/T/23253,https://drive.google.com/file/d/12LoqX8DPtnY3XLjwo3GqnGaCiWhADfDv/view?usp=drivesdk
BG/T/23255,https://drive.google.com/file/d/1_bvIk_W9vm-y7COsQpaxH12Eg77Sf0cR/view?usp=drivesdk
BG/T/23254,https://drive.google.com/file/d/17bPEk5TphnvFtsnd1en6fWANtB7ybsSy/view?usp=drivesdk
BG/T/23257,https://drive.google.com/file/d/1XypZIg7HDDFMJjz3VLS-CeVCSqIdz7rZ/view?usp=drivesdk
BG/T/23256,https://drive.google.com/file/d/1Nx_wPUfI1r2Igx74ppnDSoKsHvyC4UvH/view?usp=drivesdk
BG/T/23258,https://drive.google.com/file/d/1xlrRDzF92KhfW9TuJSancCIJGJyyzDPS/view?usp=drivesdk
BG/T/23259,https://drive.google.com/file/d/1-YJ3FsOX3YjCn-gZEdrlkWGBclZ-pe7y/view?usp=drivesdk
BG/T/23260,https://drive.google.com/file/d/1WVRPH7Y8x_N4C6KyYFlygZBAViXiDrai/view?usp=drivesdk
BG/T/23261,https://drive.google.com/file/d/1sUNcv1EDHdO8Fc2Wv24mQWhAMi4qbWBQ/view?usp=drivesdk
BG/T/23263,https://drive.google.com/file/d/1rSlMByqVB2sQgiXb7kyBEFgZW_0sHD9Q/view?usp=drivesdk
BG/T/23262,https://drive.google.com/file/d/1iS0ZzPmYXj4pEbJz3lTYwMxujJoT6-bk/view?usp=drivesdk
BG/T/23264,https://drive.google.com/file/d/1Lmduj_ntkUBfjp4idzxz7gnD6arJECtQ/view?usp=drivesdk
BG/T/23265,https://drive.google.com/file/d/1OSGJcR6YEN2vJqsAnj4NiJO7QaS0mJOm/view?usp=drivesdk
BG/T/23267,https://drive.google.com/file/d/1sk1dvGtAbv8_vmCU0d2BLmafM4Kfo4Z2/view?usp=drivesdk
BG/T/23266,https://drive.google.com/file/d/1LgM7_qmG1t30UnSqFhzVex28r699EKT5/view?usp=drivesdk
BG/T/23268,https://drive.google.com/file/d/1J0DITIq4N11v-N3CXKd-OLdUYAuERZI3/view?usp=drivesdk
BG/T/23269,https://drive.google.com/file/d/1W9Q_RCi9JUmFpZhJ_mCTMXbCTUlis_uw/view?usp=drivesdk
BG/T/23270,https://drive.google.com/file/d/1fclcXDPl-VVChh5AYa3u7dSUciTMbjA1/view?usp=drivesdk
BG/T/23271,https://drive.google.com/file/d/1CN7tO6tDVUz_fe7og72sttagjCx3-S2l/view?usp=drivesdk
BG/T/23272,https://drive.google.com/file/d/1pY-8ZCt93ubHOxA86IJAn6nKWrHrs1FE/view?usp=drivesdk
BG/T/23274,https://drive.google.com/file/d/1TqWskCkOrDcZ_TGoqsL-f2ZKvyUpjkVG/view?usp=drivesdk
BG/T/23273,https://drive.google.com/file/d/17cnNF0gcB97sCMrnJiUVawehr7apNWcc/view?usp=drivesdk
BG/T/23275,https://drive.google.com/file/d/1g73WG0Fun3UWZ7U113UzcORm8VKGD44R/view?usp=drivesdk
BG/T/23276,https://drive.google.com/file/d/12CimgJjcoeRvQz_raEjaZjAGQhGcYmxs/view?usp=drivesdk
BG/T/23277,https://drive.google.com/file/d/1vyfEgvTh2R7LlWzHAFVd3AWE8YL0d7ao/view?usp=drivesdk
BG/T/23278,https://drive.google.com/file/d/1nGxii5nkZnCNJfKy8Q-lYSVdK7Lb_mfp/view?usp=drivesdk
BG/T/23279,https://drive.google.com/file/d/1C_zDlX1KJb23Ns5mfXc0RnxA_dW5tLZT/view?usp=drivesdk
BG/T/23281,https://drive.google.com/file/d/1g1I074QnRwBOWu6umIw3y5-b43UeWTuz/view?usp=drivesdk
BG/T/23282,https://drive.google.com/file/d/1kANfmAkLHDaL7Mh6wRfem1XPXpmxvizU/view?usp=drivesdk
BG/T/23284,https://drive.google.com/file/d/1UfyiHl5N-xjvb2vQduQP8hy5X58JkCyf/view?usp=drivesdk
BG/T/23283,https://drive.google.com/file/d/12fcMik_1Ng9CBdNqire4BW2XATn5W6lf/view?usp=drivesdk
BG/T/23280,https://drive.google.com/file/d/11vV3QfCBFQ9tGAqA-fYJMPW7owTHDokU/view?usp=drivesdk
BG/T/23287,https://drive.google.com/file/d/1QMaVc4dt4Sckj5kEuMdpPvzfHxlfo2J0/view?usp=drivesdk
BG/T/23286,https://drive.google.com/file/d/1MA3aX2RZBNbipdeOYJv2k0-qS-mRp4n5/view?usp=drivesdk
BG/T/23288,https://drive.google.com/file/d/1uLhwtref7lketkTFPWWeC3vU7vfVKvLQ/view?usp=drivesdk
BG/T/23289,https://drive.google.com/file/d/1tLmNEe8etwMTvLsoQfddKbl69CrOd-ra/view?usp=drivesdk
BG/T/23291,https://drive.google.com/file/d/1vaKR6Yp-JP-wCHDiiuxFd3bAICQdyGne/view?usp=drivesdk
BG/T/23290,https://drive.google.com/file/d/1Qf0iIUZT4DEQFMm6a0k4wvaGyQQI4r2B/view?usp=drivesdk
BG/T/23292,https://drive.google.com/file/d/1bTWv8Gt3pGtUieOuGprQB7Dr5Tg052tJ/view?usp=drivesdk
BG/T/23293,https://drive.google.com/file/d/1Zqa75npWUznDpcAt19CuWiT_9Gu6fFIO/view?usp=drivesdk
BG/T/23294,https://drive.google.com/file/d/107TiIEu-7SKWr9S9vVJKzYiJfryLUm_A/view?usp=drivesdk
BG/T/23295,https://drive.google.com/file/d/1WlKkOMdiZYydNIfd7P1mGCT2wJT8RZbj/view?usp=drivesdk
BG/T/23285,https://drive.google.com/file/d/1Bc0K_a-39-6oPPiXP0LhnN0rHXR58vro/view?usp=drivesdk
BG/T/23298,https://drive.google.com/file/d/1xkl0LHP1HNlQ6TjxGLzm_mjHSQ55SjP5/view?usp=drivesdk
BG/T/23296,https://drive.google.com/file/d/1TtVK5ArDpTwJ6hzjCw4_0BH9uy7sKv11/view?usp=drivesdk
BG/T/23297,https://drive.google.com/file/d/1hPKf8H5j8D2-uj4x_7xFqWvIjzibTwCR/view?usp=drivesdk
BG/T/23299,https://drive.google.com/file/d/1tMRE_l8w7inkEngOAL9PVrtdpNOQGI3J/view?usp=drivesdk
BG/T/23301,https://drive.google.com/file/d/1XUosTLmXFEQ9Oj1nYm4FsByCVnX-EQ8A/view?usp=drivesdk
BG/T/23300,https://drive.google.com/file/d/1nHll5nAMpvCFwM_1iGRdHleHzBYTRCLQ/view?usp=drivesdk
BG/T/21877,https://drive.google.com/file/d/1jnale5wZ7Nn_y5M8yGhp9dXU-_OgRg-F/view?usp=drivesdk
BG/T/21889,https://drive.google.com/file/d/1fEtaMXf9cks9UmuXvK5w6dQSoz7eRN8V/view?usp=drivesdk
BG/T/21887,https://drive.google.com/file/d/1R1U74b7cdyGeBS3Q8lbQxXfecMtfbtv4/view?usp=drivesdk
BG/T/21878,https://drive.google.com/file/d/1fAWzdCC7soX-imRoIrCJTwornEFrER_p/view?usp=drivesdk
BG/T/21868,https://drive.google.com/file/d/1l7er1zuhBLOEk-eRjzV-pxa45LqLIdi_/view?usp=drivesdk
BG/T/21042,https://drive.google.com/file/d/1pfntaug17yHvCo0LY96sHom3XHBR_Zo-/view?usp=drivesdk
BG/T/21057,https://drive.google.com/file/d/1n0O1_4YSCvic3h3mMFaqSbaEHs46XuP9/view?usp=drivesdk
BG/T/21022,https://drive.google.com/file/d/1UogdYpxp9bO0GfaTrY0g3ANClpmNuqK9/view?usp=drivesdk
BG/T/21005,https://drive.google.com/file/d/1DQdTU3nSUK36hl2dOqqrXZooey6JwzP6/view?usp=drivesdk
BG/T/21025,https://drive.google.com/file/d/1NYcHMKoK-DDHcVhfR90OAQK28hWXWCE6/view?usp=drivesdk
BG/T/21093,https://drive.google.com/file/d/15hQc6UTuEtM8leeTKt_Y6DIi506AThxJ/view?usp=drivesdk
BG/T/21059,https://drive.google.com/file/d/147AXxZeAC4VHbfcBHtgyCk34hn5Cz39S/view?usp=drivesdk
BG/T/21069,https://drive.google.com/file/d/1UZolAVfdjPnx4XNLBgIeniXer0urOBue/view?usp=drivesdk
BG/T/21015,https://drive.google.com/file/d/1eNRzwOk3StA0fKOfdDW9wDX3zRQJ8F3n/view?usp=drivesdk
BG/T/21063,https://drive.google.com/file/d/1CNA9IQ0o8Pv4bZLGxvA_e0dg_gmaBDtc/view?usp=drivesdk
BG/T/21082,https://drive.google.com/file/d/12hOsNmIm8FFj-1At8FUOdrImWY6oWw5G/view?usp=drivesdk
BG/T/21080,https://drive.google.com/file/d/1M1fQS3UE_Sko3KEyJpaW7tdM-Os3CJeZ/view?usp=drivesdk
BG/T/21074,https://drive.google.com/file/d/1MZPHIt9nH9z3ef6S-q77AQ0UZ97nxjGj/view?usp=drivesdk
BG/T/21066,https://drive.google.com/file/d/1rjj_zCyRuJ7Vrs0XkH-uarGbgVfjRvNq/view?usp=drivesdk
BG/T/21073,https://drive.google.com/file/d/1BcJUprm8_AoZOCzWTBkvubU1mDfwX6qZ/view?usp=drivesdk
BG/T/21070,https://drive.google.com/file/d/1N9rCbB38uk0-Pvi6EXO_z2lnliBMIPTh/view?usp=drivesdk
BG/T/21096,https://drive.google.com/file/d/1rTHF1UklshOYzDRu0nXA_-O4lompH_Cx/view?usp=drivesdk
BG/T/21004,https://drive.google.com/file/d/1asY5F1eiS4M_nDmQXS35ZEp_usIs517R/view?usp=drivesdk
BG/T/21075,https://drive.google.com/file/d/1sjy77eyaGDp8BxnkwxLK5X_9A0FEmOVy/view?usp=drivesdk
BG/T/21061,https://drive.google.com/file/d/1rFB9ozIVBMm8W1396LF4HVDvnypu0Pgd/view?usp=drivesdk
BG/T/21067,https://drive.google.com/file/d/1m9RS0do0VH0ho0nB6vz9nEAIVxO-vwxZ/view?usp=drivesdk
BG/T/21076,https://drive.google.com/file/d/1Ku6V1hkAONfdRre6kjItATGuj4qv13dH/view?usp=drivesdk
BG/T/21084,https://drive.google.com/file/d/1w0h0xFKVmqcX6TqKMyEtrY5UN-4GEVRh/view?usp=drivesdk
BG/T/21064,https://drive.google.com/file/d/1iJvwb_hwtyeb2Fb5gjbWWjvJmQkY3VYu/view?usp=drivesdk
BG/T/21068,https://drive.google.com/file/d/1Fesi01N_d1nEgiVlbj5OUJ2OAZ63rVgr/view?usp=drivesdk
BG/T/21078,https://drive.google.com/file/d/1gFIp_5bkELz9xWEPK7s-no791tKojXL4/view?usp=drivesdk
BG/T/21081,https://drive.google.com/file/d/1bE8XDCp7ePa4cXxvK6gJDn69GgwpG5XJ/view?usp=drivesdk
BG/T/21071,https://drive.google.com/file/d/19OrY8C6b_ZQmjnips7sQyrx9fJIs6ZnP/view?usp=drivesdk
BG/T/21094,https://drive.google.com/file/d/1csEj_TTRDftK4OqXx0lB6Qm_hXnpky0Q/view?usp=drivesdk
BG/T/21027,https://drive.google.com/file/d/1Os00N5DP0JJ2SihCf4Hlj46vAVkkK16B/view?usp=drivesdk
BG/T/21065,https://drive.google.com/file/d/1iFYPAA87HYlZdI6dFWTs1Yqv_TiIfJ-9/view?usp=drivesdk
BG/T/21072,https://drive.google.com/file/d/1Kaxd6-KWVMSzDYxsBg-ySdWFoeCH5s3U/view?usp=drivesdk
BG/T/23192,https://drive.google.com/file/d/18GDXR02Z78UfthX_Zq6vhTdkAEveBUH8/view?usp=drivesdk
BG/T/20003,https://drive.google.com/file/d/1H9wL5yfCEHhyVJpr8VlNb4xgIOaehxIE/view?usp=drivesdk
BG/T/20086,https://drive.google.com/file/d/1CQMUxT_0ipHsi8i_m_bwSYnFqXvAMr1s/view?usp=drivesdk
BG/T/20011,https://drive.google.com/file/d/1KRPu4dULPgGnxU-tA7Hwp9b3j2aATbyf/view?usp=drivesdk
BG/T/20006,https://drive.google.com/file/d/1t2IOsS6iEgwg7JJ7PC_2ATkGH34Fn4U6/view?usp=drivesdk
BG/T/20016,https://drive.google.com/file/d/1oPE8G-XU3LyXdvTmhbczs_x5BeK7A1Al/view?usp=drivesdk
BG/T/20004,https://drive.google.com/file/d/1tgKvtQuzsgpT360KquZRQ_VSNdrwLfIj/view?usp=drivesdk
BG/T/20018,https://drive.google.com/file/d/1PSTSgum-ryyYE_DlMl-rqDXpDnX7oTx7/view?usp=drivesdk
BG/T/20007,https://drive.google.com/file/d/1Xy85fgNGjCH2HaEd8P6Mx3mAKL3WdzR1/view?usp=drivesdk
BG/T/20010,https://drive.google.com/file/d/166eNoeNh4a13uwITSfTpu9hd1O_62r0q/view?usp=drivesdk
BG/T/20009,https://drive.google.com/file/d/1hCZfMKD9y0R2c5QZKtSS3IeelozR0ndq/view?usp=drivesdk
BG/T/20008,https://drive.google.com/file/d/1T5LYRp2oASAtVqAHHUxV7LVqeWVQ98vA/view?usp=drivesdk
BG/T/20012,https://drive.google.com/file/d/1QAeoPrIe7ybOKBFijjVe0NYbJcCaIvH2/view?usp=drivesdk
BG/T/20001,https://drive.google.com/file/d/1RaDMB340yrkLfajNrVGzUF1JWkRh1J58/view?usp=drivesdk
BG/T/20017,https://drive.google.com/file/d/1D6rPpmZm0mYeDGE7DnUbQX1V3sY3pEAf/view?usp=drivesdk
BG/T/20047,https://drive.google.com/file/d/1mCWBniGDiBenHZGb1Dx_RMwsc27aF7c9/view?usp=drivesdk
BG/T/20041,https://drive.google.com/file/d/1WF98XD83Zgc0tS_JbP-pqwq97QBYm2vU/view?usp=drivesdk
BG/T/20050,https://drive.google.com/file/d/1TqHfFNFmBEqasQknR_R8TxJKiUw9LPJh/view?usp=drivesdk
BG/T/20042,https://drive.google.com/file/d/1Eo64W4LqxTaqxeWUQOeK5I2Xf4NB-zb3/view?usp=drivesdk
BG/T/20055,https://drive.google.com/file/d/1lvNrN0gu97krRkk_3azFTxhlRxPLA7X4/view?usp=drivesdk
BG/T/20080,https://drive.google.com/file/d/1MuzwzN2wFiQP6yCXC_7ml5JpdIiXNd9A/view?usp=drivesdk
BG/T/20069,https://drive.google.com/file/d/1t_KkW2s9TRm-SP_S7kZYnm8xUmMUN1kB/view?usp=drivesdk
BG/T/20030,https://drive.google.com/file/d/19KVnwuL2Hu_xUgX9tlqrxM1F--ItDL8g/view?usp=drivesdk
BG/T/20005,https://drive.google.com/file/d/15e6N-3wOH7wgehon3kH_ndz_BMeX_r-G/view?usp=drivesdk
BG/T/23302,https://drive.google.com/file/d/12rLj9NInpjNf3X9RljOgA6I464rkWEMQ/view?usp=drivesdk
BG/T/21501,https://drive.google.com/file/d/1GLpLhSKOl6CgaQKDyAb3SZsCkHmvzw2Y/view?usp=drivesdk
BG/T/21547,https://drive.google.com/file/d/1_0uJZ8P3W9GcAyQpc3Wh7ruZBMujpAG-/view?usp=drivesdk
BG/T/21544,https://drive.google.com/file/d/1XBBrseHN4USe6FD4_n91yKvJuTlWMiiP/view?usp=drivesdk
BG/T/21517,https://drive.google.com/file/d/1LQf9PRsYvuHDJo1CWZU7afHHiY1SRdjr/view?usp=drivesdk
BG/T/21545,https://drive.google.com/file/d/15v7U8Y31OLaQgYtlMUu0ezIGD6u6sGiy/view?usp=drivesdk
BG/T/21540,https://drive.google.com/file/d/1FJYAy9pXrBUhNm4FkX_F6H27ZBtk3fDP/view?usp=drivesdk
BG/T/21504,https://drive.google.com/file/d/1BYZ8JQd1mRcz6XsjiRttm0B9j2RbUh0M/view?usp=drivesdk
BG/T/21507,https://drive.google.com/file/d/1GQuK6P-496CD82uml4aPOQjtX5ZP5QqU/view?usp=drivesdk
BG/T/21526,https://drive.google.com/file/d/1rHSWwSpgHihizUAAreqmkkoy5Ml3Qy6L/view?usp=drivesdk
BG/T/21522,https://drive.google.com/file/d/1e_bOtW6N1dD0mt8F96V1dl06Mo5h21zc/view?usp=drivesdk
BG/T/21520,https://drive.google.com/file/d/15bTCn65erai8Mp8TKzcKxCz5aijrTXWH/view?usp=drivesdk
BG/T/21538,https://drive.google.com/file/d/1U1DxjqUqh6IzBh9A9oXVzhHQ9f6opRlV/view?usp=drivesdk
BG/T/21516,https://drive.google.com/file/d/1xicIyL-S7TK9j7C2ao58LgzjqORMWDUm/view?usp=drivesdk
BG/T/21506,https://drive.google.com/file/d/1FDxafcnv2QYqv3HXZ8tIWPBGK0RDddzp/view?usp=drivesdk
BG/T/21502,https://drive.google.com/file/d/11w2UnA_JuvYRj9VjxTyNUwT9MHx2nSW1/view?usp=drivesdk
BG/T/21529,https://drive.google.com/file/d/1Q6agYkDW36VAh1QeqUsiSpmiHyUAuHeo/view?usp=drivesdk
BG/T/21509,https://drive.google.com/file/d/1UEdPjX8UFsALYVpHr-crafcXK0ZGnDb5/view?usp=drivesdk
BG/T/21525,https://drive.google.com/file/d/1O6QmA3jrTRSYlV_tkl-Vfz0Yq0g7rdxc/view?usp=drivesdk
BG/T/21505,https://drive.google.com/file/d/1ecSlHpq1RwS3k6QwLf6gIBES-eNaLG9K/view?usp=drivesdk
BG/T/21510,https://drive.google.com/file/d/19go5Si7Dv9POO8TQgZFYxTQ90mHwDJeU/view?usp=drivesdk
BG/T/21532,https://drive.google.com/file/d/1--5IwlsRKOGXfFgI8QyA9BDGUWMqwS0E/view?usp=drivesdk
BG/T/21521,https://drive.google.com/file/d/1qu4U8_aOvMR1r1Y4FHtotG5UpAwlj3Ju/view?usp=drivesdk
BG/T/21512,https://drive.google.com/file/d/1pyzRaKIRw82Jbf0gdzQ9jthhXETSh2VI/view?usp=drivesdk
BG/T/21537,https://drive.google.com/file/d/1g7ww0M8-rI7gu1l2o67HOuwkn1VT2HEb/view?usp=drivesdk
BG/T/21519,https://drive.google.com/file/d/13Y83lcEocWtHFg_DOJrScevtTWNUH_uA/view?usp=drivesdk
BG/T/21533,https://drive.google.com/file/d/10IQJLazoWpvnswVFfEYKstENxcquayE4/view?usp=drivesdk
BG/T/21508,https://drive.google.com/file/d/1gSkYJ5xX-Q0Gpf3bezO3VH3YdZLDlTTU/view?usp=drivesdk
BG/T/21513,https://drive.google.com/file/d/1m62zkcXyS8Od4hFSVzquMxZLWsaS9Sz8/view?usp=drivesdk
BG/T/21531,https://drive.google.com/file/d/1RAxpcP01r_hccsgP3MGK78kOewT18Yxc/view?usp=drivesdk
BG/T/21530,https://drive.google.com/file/d/1SAz2FO8nErxS0XTDSsbs221appxbSVP0/view?usp=drivesdk
BG/T/21539,https://drive.google.com/file/d/1P_Pt493LQy4RSs8h4IFaIo8wdKgCTkK9/view?usp=drivesdk
BG/T/21546,https://drive.google.com/file/d/1x4LCNLwNOLdkVZlVp_7okVb02kYN44A7/view?usp=drivesdk
BG/T/21548,https://drive.google.com/file/d/1qz1XH9vPaLnBbj_6MBJF7EcRTx_QDDi7/view?usp=drivesdk
BG/T/21550,https://drive.google.com/file/d/1edklEpdAIV-v-p9rfAfK5MLSQkmzZf1q/view?usp=drivesdk
BG/T/21542,https://drive.google.com/file/d/18rm0gvQAr2ppetEpcW8M8kUYKvM_p9kD/view?usp=drivesdk
BG/T/21541,https://drive.google.com/file/d/1D8Y-KrWSY2SUZzNPIGd2Rcy_nnoL_ZRf/view?usp=drivesdk
BG/T/21543,https://drive.google.com/file/d/1Fk3IcWJfANbfqYdOB0vjPq56RQBRKGAz/view?usp=drivesdk
BG/T/22293,https://drive.google.com/file/d/1W7pYgzm0tj1pkHa9Ml6n-qzv-rZOaZ6d/view?usp=drivesdk
BG/T/22396,https://drive.google.com/file/d/18nt8WTeIY1WPFOMp-SB_5wvlqDMi1GAO/view?usp=drivesdk
BG/T/22218,https://drive.google.com/file/d/1c5vEarLOpoA8RM7rC5cEmzZ6CWsJCPcB/view?usp=drivesdk
BG/T/21956,https://drive.google.com/file/d/1FpOGANhrWoLs6a2uDkTzNyACX2Lvp0Fp/view?usp=drivesdk
BG/T/21959,https://drive.google.com/file/d/1e_hhIUfVKfuhRHex-CGfbFU7WzUyoNAx/view?usp=drivesdk
BG/T/21977,https://drive.google.com/file/d/1xEMSuajapxHng_i88UiXXFVFd76d5LLr/view?usp=drivesdk
BG/T/21958,https://drive.google.com/file/d/1Jn9ebLQ49kSbuBKuJCMWJCaAPZV9flV0/view?usp=drivesdk
BG/T/21955,https://drive.google.com/file/d/198oIetnPp8D2DJ4a6pDlPxujEhTfJn6T/view?usp=drivesdk
BG/T/21976,https://drive.google.com/file/d/1r17PhgCG5tazDkLnsRE1Um3I_BWLZGVs/view?usp=drivesdk
BG/T/21952,https://drive.google.com/file/d/1k-6ofGcSDnq4Y8-OakLCLmEZuuihBrYr/view?usp=drivesdk
BG/T/21987,https://drive.google.com/file/d/11ltGKPglKXCXzghOHZHYy8XBI5mq96uZ/view?usp=drivesdk
BG/T/21991,https://drive.google.com/file/d/17VLuCLIAY9kTv3rbNFvSzAZfJWAP19KZ/view?usp=drivesdk
BG/T/14487,https://drive.google.com/file/d/1zXCq63B4bXZCwREHH4sM4EgYHHfoN88Y/view?usp=drivesdk
BG/T/21988,https://drive.google.com/file/d/1Ah348ItN2Pb0TuGozHMh5yBg1YMOmQF_/view?usp=drivesdk
BG/T/22000,https://drive.google.com/file/d/1dX2C5A_NycNiLkprNe2M8lZZW1JNz0zF/view?usp=drivesdk
BG/T/21979,https://drive.google.com/file/d/1HYK9_ajo4LDXP2lkljhR1l-iwvssDuJC/view?usp=drivesdk
BG/T/21985,https://drive.google.com/file/d/1wxxw_wrqJoYhsmFmft6eJgdO6R-h7dw-/view?usp=drivesdk
BG/T/21984,https://drive.google.com/file/d/1zZmpbgVvID7eQU3dQT9p582nlu3ZPEBB/view?usp=drivesdk
BG/T/21997,https://drive.google.com/file/d/16nbY9rIYHPxJU9gVhRcQXZCsapdEkTyU/view?usp=drivesdk
BG/T/21961,https://drive.google.com/file/d/1u8r4-fmOZtuMQ0YZYf97Sm4mWDxLrIlg/view?usp=drivesdk
BG/T/21989,https://drive.google.com/file/d/1VjUUOIhcMr5RymUK6S7D_0YMvIc9YyOB/view?usp=drivesdk
BG/T/21992,https://drive.google.com/file/d/1urTZdFrTU5-AtbvD2skxA-jtOOslA_RN/view?usp=drivesdk
BG/T/21986,https://drive.google.com/file/d/1W75-0-sVEUE3p6biZ8n-Nmnt4box4dHY/view?usp=drivesdk
BG/T/21994,https://drive.google.com/file/d/1ddRQ__XmcgXK8EL21BacK25mZQj7gTQh/view?usp=drivesdk
BG/T/21993,https://drive.google.com/file/d/1WXTbR8ImgzuNqATghigyciJN0u8ycftu/view?usp=drivesdk
BG/T/21953,https://drive.google.com/file/d/13yi9JA-kODrcXcQ-GGAnLRYHXFyjyNBR/view?usp=drivesdk
BG/T/21999,https://drive.google.com/file/d/100Aq95zZMjXD56otmiQxlsfXxh_5byAD/view?usp=drivesdk
BG/T/21998,https://drive.google.com/file/d/1OjCcWwL98eLSPIZ8vUj-dj9IZJ-4sbvA/view?usp=drivesdk
BG/T/21995,https://drive.google.com/file/d/15ZD4CM4fMDROJRWp4XQtFTKNG2dgBbiW/view?usp=drivesdk
BG/T/21982,https://drive.google.com/file/d/1p77rf-JKd2R_73bNEoT7LRCjgdge1Y4i/view?usp=drivesdk
BG/T/21951,https://drive.google.com/file/d/1i2i-5QziXhUorP8s-ZfOT4_t5p38ByaT/view?usp=drivesdk
BG/T/21957,https://drive.google.com/file/d/1KsLi_DdIMUBy16RVYVM3Xr4SENx66-mZ/view?usp=drivesdk
BG/T/21964,https://drive.google.com/file/d/1d1-to4ERR123FSg8OPbLv7hT4iCEe9Jw/view?usp=drivesdk
BG/T/23303,https://drive.google.com/file/d/1L9KBSagdSyvW1JG9Ls08PHvjzR0YCaMb/view?usp=drivesdk
BG/T/22121,https://drive.google.com/file/d/1M26XV0bPSEXFKpVRihZH4g-bH1uaEvnL/view?usp=drivesdk
BG/T/22128,https://drive.google.com/file/d/1OPQ9-GEAoEj3SeSeG5jlGVHspHjE-vJF/view?usp=drivesdk
BG/T/22116,https://drive.google.com/file/d/14pSkmNw-i96O8gBp5F17XO6F_ofC6deR/view?usp=drivesdk
BG/T/22104,https://drive.google.com/file/d/1n3JFUmztQtzbMRe951BHpH-H4HY6ApYC/view?usp=drivesdk
BG/T/22103,https://drive.google.com/file/d/1IkkT9ieHE5jFwgMW1LpOpo98qcTgM3Wt/view?usp=drivesdk
BG/T/22125,https://drive.google.com/file/d/1g5kAX-d52XFK5jwrcrRLGfBRZn0dF2vG/view?usp=drivesdk
BG/T/22133,https://drive.google.com/file/d/1Dds7lnDW14_Ctkfzp1EB_DfoWpAv7EcR/view?usp=drivesdk
BG/T/22123,https://drive.google.com/file/d/1ndMVMPJrrU_Rr4w4e24mIzAw-qUwUBTf/view?usp=drivesdk
BG/T/22118,https://drive.google.com/file/d/1NxhYPqi032crHEmUJg4ND25ldoE04lvg/view?usp=drivesdk
BG/T/22105,https://drive.google.com/file/d/1ZogBmvGhbCeKUN1vwB2491xermulvCA2/view?usp=drivesdk
BG/T/22109,https://drive.google.com/file/d/1TJfiKPFUQfc1WtU39nOWunsp_ytCe_xm/view?usp=drivesdk
BG/T/22110,https://drive.google.com/file/d/1v7LTjBML0lw-tFUqHOjZMxcE8gLFlnfY/view?usp=drivesdk
BG/T/22113,https://drive.google.com/file/d/1N0s8si76dKtFLx6rABM7gXb4ydhS28Hb/view?usp=drivesdk
BG/T/22108,https://drive.google.com/file/d/1Ekw8qljkHNfr933M-IEHobvI4TG6-URw/view?usp=drivesdk
BG/T/22130,https://drive.google.com/file/d/1gekDLIxjoSl1ldjBDwj1pVt2ripFJ726/view?usp=drivesdk
BG/T/22120,https://drive.google.com/file/d/1qKRlHqdl-btFCWEU8E0miPVD3RVQcdU4/view?usp=drivesdk
BG/T/22132,https://drive.google.com/file/d/1gvcB9zrAZB8s_AJU9t-RoMnPrLI7UYSQ/view?usp=drivesdk
BG/T/22102,https://drive.google.com/file/d/1_G94lFB0HBFiNWExMYqjtuHD4XB43b8y/view?usp=drivesdk
BG/T/22124,https://drive.google.com/file/d/12FTifFH--p3pC4JOPY63Zqu66ldOM2KJ/view?usp=drivesdk
BG/T/22106,https://drive.google.com/file/d/1McqMlJ5oyerACHKbsa2DKPbfG8DflUH-/view?usp=drivesdk
BG/T/21968,https://drive.google.com/file/d/1oRhw0CkETiygEcp-qOrzksbm5KcR4CYk/view?usp=drivesdk
BG/T/21553,https://drive.google.com/file/d/1PN4kQ3SGRyG1PqWxoIeY4nJAM_9Qw5Qe/view?usp=drivesdk
BG/T/21574,https://drive.google.com/file/d/12kj8PCHiNi4QnM_oTO5c-HjIzczrFrws/view?usp=drivesdk
BG/T/21576,https://drive.google.com/file/d/1Y-HCS_6DHgYpb58jZtAUOQL2a4W0rTn1/view?usp=drivesdk
BG/T/21561,https://drive.google.com/file/d/1ojx29ZpYZsfibn7ExbMon34kK9cW3eLS/view?usp=drivesdk
BG/T/21583,https://drive.google.com/file/d/1gaZKGb-1CTE8BeAzFrYl3mMFNNBG4zdZ/view?usp=drivesdk
BG/T/21566,https://drive.google.com/file/d/1cO0Aa5zWIw8QP11iobKIFsrb3NvWBzeb/view?usp=drivesdk
BG/T/21564,https://drive.google.com/file/d/1v6y4Ku0KJkONcnmx3Cb43zRJJhzXTNTV/view?usp=drivesdk
BG/T/21551,https://drive.google.com/file/d/1BMcUSw_erUZTNdLEwWSzHEwbSSA4I_3d/view?usp=drivesdk
BG/T/21587,https://drive.google.com/file/d/1z2im7-kbtJAAyjvydF-qvwjwZ1qqOZlZ/view?usp=drivesdk
BG/T/21592,https://drive.google.com/file/d/1XWISxkofT9vJKIyhoWbo4iozPikuqD4h/view?usp=drivesdk
BG/T/2158,https://drive.google.com/file/d/1sa8hWV_3M2c7pp-iVSC2J-PYus-sXn-I/view?usp=drivesdk
BG/T/21577,https://drive.google.com/file/d/1XeLbiY0IV_0WsSN-frptA_T1yVXDQcFd/view?usp=drivesdk
BG/T/23305,https://drive.google.com/file/d/11F2XiM3TQB0bIg-YTF1iyGq9Eovl6kOb/view?usp=drivesdk
BG/T/23304,https://drive.google.com/file/d/1tI4p-w832cOCGEV8xI2MRjOS2E8XUq9P/view?usp=drivesdk
BG/T/21581,https://drive.google.com/file/d/1ZcQZG9ukezHf222HPaxWwkQyY5kiHehI/view?usp=drivesdk
BG/T/21579,https://drive.google.com/file/d/10raGgIUYHv4cvWOpsLr0ptGMtGqR4y8K/view?usp=drivesdk
BG/T/21598,https://drive.google.com/file/d/1xB8SzMucb7gSchzTx8P-YEbrKZjpKCEB/view?usp=drivesdk
BG/T/21562,https://drive.google.com/file/d/1s1D4zy-RZY_ehRqn4QnneIvLzUDw2Sle/view?usp=drivesdk
BG/T/21713,https://drive.google.com/file/d/1hQbru4Qq1T22WAHykgZF1m0SDm-ng1fv/view?usp=drivesdk
BG/T/23306,https://drive.google.com/file/d/12vuUdNl06lmsGfghlktUPCzWqUcdHxJ7/view?usp=drivesdk
BG/T/23307,https://drive.google.com/file/d/1NIQhl-eu7GcgCtF1Fw7HloD-527YJ26o/view?usp=drivesdk
BG/T/23308,https://drive.google.com/file/d/1R1Sb58ikPUMZh5gWpeOe8W41gfPDeTg7/view?usp=drivesdk
BG/T/23310,https://drive.google.com/file/d/12sZGNRmnMO3iCKINXDTbFwTRy9JKBdDh/view?usp=drivesdk
BG/T/23309,https://drive.google.com/file/d/1fzXFlns_slh_wfkgSbiJE7VkPhWp3-M-/view?usp=drivesdk
BG/T/23311,https://drive.google.com/file/d/1K5Q9g3gcuaBaCapmb5KW5HNfc0JWLwaX/view?usp=drivesdk
BG/T/23312,https://drive.google.com/file/d/1TAkFwDbhRBeMX1Jmc2Hwd9KYNQPR0dtT/view?usp=drivesdk
BG/T/23313,https://drive.google.com/file/d/14RP2YwNhXzmaeeAJVDPjRpTbNrrBzbSz/view?usp=drivesdk
BG/T/23314,https://drive.google.com/file/d/1bH613qGBZzd5_LX0NMSLkUKJ7ElcCmYf/view?usp=drivesdk
BG/T/23315,https://drive.google.com/file/d/1UkTpqo_PbIQnJfgJ9HmoZ-W5XiK_gOGN/view?usp=drivesdk
BG/T/23316,https://drive.google.com/file/d/1XsOuOP_8sXy5iI2zhwQ9wgyBqaDzCkz6/view?usp=drivesdk
BG/T/23317,https://drive.google.com/file/d/1ha_tLz-tARBnEE5ag5Ay5kkoZbiMoQ22/view?usp=drivesdk
BG/T/23318,https://drive.google.com/file/d/13NK0hqv20FZIJqgGVv-lXtcR5d3CEagJ/view?usp=drivesdk
BG/T/23351,https://drive.google.com/file/d/1vF7gAyhD1WZWGiZk-Jg1FY519dYaY_zm/view?usp=drivesdk
BG/T/23350,https://drive.google.com/file/d/1UWa9jSqbF_fq4iOI4_Uz9Snicnrw3Slu/view?usp=drivesdk
BG/T/23352,https://drive.google.com/file/d/1QsYw35pVamfi6jnlutIoq2zauKfSmVag/view?usp=drivesdk
BG/T/23353,https://drive.google.com/file/d/1Rtrqx96sqsjX6iXDtWz2kKdJ4AjRHhk7/view?usp=drivesdk
BG/T/23354,https://drive.google.com/file/d/12Nvn_MLJBSHc4vBGwScDykeNK4zV1LiN/view?usp=drivesdk
BG/T/23348,https://drive.google.com/file/d/11Qi-SzbRy-RL5D-9iA5m2mWY6QS279Qz/view?usp=drivesdk
BG/T/23349,https://drive.google.com/file/d/1r_XR4nlyuUy7XVWA4RekGVdoOvkHIEJY/view?usp=drivesdk
BG/T/23347,https://drive.google.com/file/d/1jawxm0Ig9hBSu_e-bFAC03KkZB49aL2_/view?usp=drivesdk
BG/T/23346,https://drive.google.com/file/d/1loEEDLTIVPpdoLARt615P9bZUE383Kk6/view?usp=drivesdk
BG/T/23345,https://drive.google.com/file/d/1GUAB2PfEJHtFKzADSW79O3D_N-Qh0EGZ/view?usp=drivesdk
BG/T/23344,https://drive.google.com/file/d/1DFXVROlh-DzNmF6aH8j2olgbMrIGVJao/view?usp=drivesdk
BG/T/23343,https://drive.google.com/file/d/1BIFcRsqikHDsENoi0YmrDL9hKOqBUGqx/view?usp=drivesdk
BG/T/23342,https://drive.google.com/file/d/16tWwu5dn8PDapj4-PHUAyLj7AgDPk4aa/view?usp=drivesdk
BG/T/23341,https://drive.google.com/file/d/1pxBxPnVSNWtkGHEDgOcxvTi4f7PwEZ8n/view?usp=drivesdk
BG/T/23340,https://drive.google.com/file/d/1vZ4KgZ5NfAkFE_11U4L7uarMJ5NZANa2/view?usp=drivesdk
BG/T/23338,https://drive.google.com/file/d/1owP3AfgurZnd2TEV1RaTGP2T7nc8iFCg/view?usp=drivesdk
BG/T/23339,https://drive.google.com/file/d/1UpcG2Tj-FQImVeJwyJwOYCsJMuKRAZXY/view?usp=drivesdk
BG/T/23337,https://drive.google.com/file/d/1gdrSBmRKXhHI4GfAUxvQ3VIq7zhPmqqr/view?usp=drivesdk
BG/T/23336,https://drive.google.com/file/d/1SFO2mFeV3XOcSbzj3Mu56PCL9OXUUknr/view?usp=drivesdk
BG/T/23335,https://drive.google.com/file/d/1kEmaUbDEvT0an0eAzyf5Ct8jXo41cOdt/view?usp=drivesdk
BG/T/23334,https://drive.google.com/file/d/10topXom-lfY3cSgvY3Z8v4I2iAhKTuB_/view?usp=drivesdk
BG/T/23333,https://drive.google.com/file/d/1VjvXUQcGocKZX2XAmCP1jUkV_d9fwHYj/view?usp=drivesdk
BG/T/23332,https://drive.google.com/file/d/1P4OPIN8c8nJquwkji3fwuefmKXpMeq1d/view?usp=drivesdk
BG/T/23331,https://drive.google.com/file/d/1mjv5TCIyiXLHIRMVOcn5-FqUPozGdbOB/view?usp=drivesdk
BG/T/23330,https://drive.google.com/file/d/1M91Fiwbd4zTyyfit7EJt9RPp-szKywpc/view?usp=drivesdk
BG/T/23329,https://drive.google.com/file/d/1I2KYtGiX6OIV764gEgcdyPUL8hClg0wD/view?usp=drivesdk
BG/T/23328,https://drive.google.com/file/d/11Iqq41YuPYnYl9iEdTw6Ll0hAXPsaxCW/view?usp=drivesdk
BG/T/23327,https://drive.google.com/file/d/1ZSNr4LcUGEEmmg3_jQMnjEI2Z3y4QVdc/view?usp=drivesdk
BG/T/23326,https://drive.google.com/file/d/19O7HJ8XYVUu_lSjImCIc3YKCClT6nE5C/view?usp=drivesdk
BG/T/23325,https://drive.google.com/file/d/13zgVyM8IWDbQrw5k30wuABIRkKrrou1a/view?usp=drivesdk
BG/T/23324,https://drive.google.com/file/d/1fkKF6hnYqK4za_KA25JvemPoD6eoOip9/view?usp=drivesdk
BG/T/23322,https://drive.google.com/file/d/1Q95K96I_pKgKDF-QhknGvxwlV9OGmerr/view?usp=drivesdk
BG/T/23323,https://drive.google.com/file/d/1dZ8cf3kA96pTR3sp22uZpzdf0tRIxz9S/view?usp=drivesdk
BG/T/23321,https://drive.google.com/file/d/1_S9tDdmObnPFaA20qPiWgGzc0mFUrGDB/view?usp=drivesdk
BG/T/23320,https://drive.google.com/file/d/1AmnWhrmLIjDgiCqF7aXsapFs2kwaZUw-/view?usp=drivesdk
BG/T/23319,https://drive.google.com/file/d/1d612SeUAjRrtQte-yp9N0jnlcfzlVFmK/view?usp=drivesdk
BG/T/23369,https://drive.google.com/file/d/1AXXkuVLFZuMWxY5p1KGybgu37qh4d6Ed/view?usp=drivesdk
BG/T/23368,https://drive.google.com/file/d/1soQm1SpD_kILC2tsG4TIxJCPXGT9-W63/view?usp=drivesdk
BG/T/23367,https://drive.google.com/file/d/1kByWBZSLfivHtzmSMpTqlqgMbqlttzqA/view?usp=drivesdk
BG/T/23366,https://drive.google.com/file/d/1PIsRjKv1GLiGKSRcZ5t1jXHztPha-Kp8/view?usp=drivesdk
BG/T/23365,https://drive.google.com/file/d/1fPZaRuoK9gknej2KYJOyZbFmohZmJZpq/view?usp=drivesdk
BG/T/23364,https://drive.google.com/file/d/1ekF_paIjSvL4ylnfD_GKjitg5Pkrs7WY/view?usp=drivesdk
BG/T/23362,https://drive.google.com/file/d/1EArNLozfAVbYBHGheCt5uwqscuUklPuz/view?usp=drivesdk
BG/T/23361,https://drive.google.com/file/d/1mEzb4P0-z0FENxmUP0QVxlYtgL_kvVxf/view?usp=drivesdk
BG/T/23360,https://drive.google.com/file/d/1ws24XWcoAnIyD8YaMT-l-Qwe7sOa_tgu/view?usp=drivesdk
BG/T/23370,https://drive.google.com/file/d/1ySIYMrrU5fI-WB5Ob9nLteXsTgcvQ8Kz/view?usp=drivesdk
BG/T/23358,https://drive.google.com/file/d/16b-60pNrkiOtgg_FwXH5tDGdp8QaL5ki/view?usp=drivesdk
BG/T/23357,https://drive.google.com/file/d/1VUOhr4WUU_gp-l0xvg2xQ8_R6tZYrf61/view?usp=drivesdk
BG/T/23356,https://drive.google.com/file/d/1Ps1nUwajEdkcAKVl7O6yUx3NZImJMYRD/view?usp=drivesdk
BG/T/23355,https://drive.google.com/file/d/17dW8kM4ZYBiNQB2yXqA70IHA0ye8JOMG/view?usp=drivesdk
BG/T/23359,https://drive.google.com/file/d/1PLIeghjuIZkRbSSPwXhypqfEAyHfyevr/view?usp=drivesdk
BG/T/23374,https://drive.google.com/file/d/1cEjCiAs8AwFaqbH9NgcZPUh2voz3ppai/view?usp=drivesdk
BG/T/23371,https://drive.google.com/file/d/18hoyJlv3rh4jLQHfKU9NoZkv3frXczsK/view?usp=drivesdk
BG/T/23376,https://drive.google.com/file/d/1IOTaqeylGE6fJZZY4GVNUURcCzJ7DAte/view?usp=drivesdk
BG/T/23372,https://drive.google.com/file/d/1E1inOuBX1aSuZruGVsk82uTYdfbO4Pq4/view?usp=drivesdk
BG/T/23373,https://drive.google.com/file/d/1NTNYQYJjnezw8qgKGBDGjh-yAZXvE7E5/view?usp=drivesdk
BG/T/23378,https://drive.google.com/file/d/1QH__1xjGGGODcU_0Wt3gHlGvOmbSkbNm/view?usp=drivesdk
BG/T/23375,https://drive.google.com/file/d/1pItx9T_R3kQODCRSYGb2Pq83eWiNrRb-/view?usp=drivesdk
BG/T/23377,https://drive.google.com/file/d/16ypnj8FeagGSsJndE8NXRNKFCNmwATbS/view?usp=drivesdk
BG/T/23380,https://drive.google.com/file/d/13j6lE3b2zU-doZ4kODwPaENcuhY10fZ0/view?usp=drivesdk
BG/T/23379,https://drive.google.com/file/d/1c-5MuvQnzvRUl2ao_TgiFDPrl2OawPQm/view?usp=drivesdk
BG/T/23381,https://drive.google.com/file/d/1-P3G20CeJQBP6YeSjrjpGyIN3r_PqJkX/view?usp=drivesdk
BG/T/23384,https://drive.google.com/file/d/15NiQ-xF1arCsha2EUei9ilJrX9Gs6gjz/view?usp=drivesdk
BG/T/23383,https://drive.google.com/file/d/1ZQAlltUwLsWMYFRo-RFSHgyLC3N_h7de/view?usp=drivesdk
BG/T/23382,https://drive.google.com/file/d/19D9Lza64ghaaf3hHSI23O9U61OYRHZSf/view?usp=drivesdk
BG/T/23363,https://drive.google.com/file/d/1YSxhSBlZJiNVxH7pqHeZItQYGChVKPPJ/view?usp=drivesdk
BG/T/23385,https://drive.google.com/file/d/1noM1anG80mecgKQ2q2kI_BYe6CoUURw2/view?usp=drivesdk
BG/T/23386,https://drive.google.com/file/d/1Ki3i-aDgR3UsshY4c9b43giMgOkuStHW/view?usp=drivesdk
BG/T/23389,https://drive.google.com/file/d/1CvdMTMALJlJzNqcwxnPcHQx-WD7dS9mq/view?usp=drivesdk
BG/T/23394,https://drive.google.com/file/d/1MjaAKczq2MAM7MMNDvTo5fa3_E5MxW50/view?usp=drivesdk
BG/T/23388,https://drive.google.com/file/d/18Hek297sjZRc_inGU0BBRY0Xc3Unn2Ez/view?usp=drivesdk
BG/T/23393,https://drive.google.com/file/d/1FOy-PRERTJqMt98_22i_68MYENV7rcil/view?usp=drivesdk
BG/T/23391,https://drive.google.com/file/d/1P1UyH3dG_1Jg8X7Qipd5z1EOU0olfVbg/view?usp=drivesdk
BG/T/23392,https://drive.google.com/file/d/1mLMHVTFZCv61a_YEV1noEnwL7YfgZpbE/view?usp=drivesdk
BG/T/23390,https://drive.google.com/file/d/1bxQW2CivNxuWnXJcUZd9NRfglcP1JXRJ/view?usp=drivesdk
BG/T/23395,https://drive.google.com/file/d/1a8PLwWoVxgmCJojyhzseTigiywm5mDMP/view?usp=drivesdk
BG/T/23387,https://drive.google.com/file/d/1KyCZv8P-riqBpQXkzgOp-_YxM3cdFU1u/view?usp=drivesdk
BG/T/23406,https://drive.google.com/file/d/1A0Pdx90tnP0c3UCcMKoumocGPetMGLh6/view?usp=drivesdk
BG/T/23405,https://drive.google.com/file/d/1rzMrhSqYTMgc27et1--28yylSVT2Gr2K/view?usp=drivesdk
BG/T/23404,https://drive.google.com/file/d/1GZrXcE5Y8mGbsL5XG0iW7VX2zsTP8_DQ/view?usp=drivesdk
BG/T/23403,https://drive.google.com/file/d/1CF64Djt6uDe8VtglD6u5AqGobhS8iDMW/view?usp=drivesdk
BG/T/23402,https://drive.google.com/file/d/15OotKWtJqpf4gqCnzEX44SV1Krrp9RMW/view?usp=drivesdk
BG/T/23396,https://drive.google.com/file/d/12YGMncNJV3Rz4ug4-3YATZlbDkJlZ9Tm/view?usp=drivesdk
BG/T/23397,https://drive.google.com/file/d/19G4QonS7exBa9uAnG4H3FdT9703lNRU0/view?usp=drivesdk
BG/T/23398,https://drive.google.com/file/d/1Mykvm7ekFPck0zWQxDn1Ds8gx0UrNnlN/view?usp=drivesdk
BG/T/23399,https://drive.google.com/file/d/1WpohokrE_Jkfiv70OxbFcIZGNOqJpKAG/view?usp=drivesdk
BG/T/23400,https://drive.google.com/file/d/1l-1IxRm_QOlPVpPED_G6b4XyEuaf7ylU/view?usp=drivesdk
BG/T/23401,https://drive.google.com/file/d/1YjtLkW03cxcT2NMpORo5J5BUbpd3iCna/view?usp=drivesdk
BG/T/23418,https://drive.google.com/file/d/1ATyk6-Ur9m1BkjIUlV7iakljcjjG4Mdg/view?usp=drivesdk
BG/T/23417,https://drive.google.com/file/d/1dAwizsBFcufvVVea3YUfpffe_yB0hDRX/view?usp=drivesdk
BG/T/23416,https://drive.google.com/file/d/1rKtNSGt2lG_akwQZe0UQZniq4XtFTOqW/view?usp=drivesdk
BG/T/23415,https://drive.google.com/file/d/17foUSXxH2kbq38ARXG8WHCpSljpdB_JD/view?usp=drivesdk
BG/T/23414,https://drive.google.com/file/d/1okHAodmnCwOVtDPFblZwvEFcA-GtUw3H/view?usp=drivesdk
BG/T/23413,https://drive.google.com/file/d/1n0CeNw9NJEcF71BXKnPqF56W388HSvZk/view?usp=drivesdk
BG/T/23407,https://drive.google.com/file/d/1toenC_kBy8kkI43P0MsvTPSORrrrmV-G/view?usp=drivesdk
BG/T/23408,https://drive.google.com/file/d/1-I40-wtBrEbcqqfU4AshjGleDVDMNMll/view?usp=drivesdk
BG/T/23409,https://drive.google.com/file/d/1eUfN0Q_Zof7rbk0Deue0Jt-aAPLHhVrK/view?usp=drivesdk
BG/T/23410,https://drive.google.com/file/d/1LUE-VRNfyP8yJiAMgfzz38hg9BPd55E3/view?usp=drivesdk
BG/T/23411,https://drive.google.com/file/d/1GvEx_-sR_DADbP3rvjdL5ZoIUWZpad3I/view?usp=drivesdk
BG/T/23412,https://drive.google.com/file/d/1V0yDEb26hD6qz3V5fJ_BVoGKxr429aYs/view?usp=drivesdk
BG/T/23419,https://drive.google.com/file/d/1XSS6aAilmNZ83gWblNKTjK5kre9eCNc5/view?usp=drivesdk
BG/T/23420,https://drive.google.com/file/d/1asgrQkt3ojSXaOJk3rHmDN9z77l4seRA/view?usp=drivesdk
BG/T/23421,https://drive.google.com/file/d/1ojmfEH1OxzX8XCpVrKWR_cnupp1bG8zJ/view?usp=drivesdk
BG/T/23422,https://drive.google.com/file/d/1AwPShi3NzidVGffrz7Trii8o25i7KKN7/view?usp=drivesdk
BG/T/23423,https://drive.google.com/file/d/1QHk_cswinJ0hEu0EnKlxLMDqmQjAkfnA/view?usp=drivesdk
BG/T/23424,https://drive.google.com/file/d/11WM2s30KvimgOIQLEFw8t35tXoEP6Yh1/view?usp=drivesdk
BG/T/23426,https://drive.google.com/file/d/1h2p_IP5WDluO0OD-NhaqT2iB3Q3qULmk/view?usp=drivesdk
BG/T/23428,https://drive.google.com/file/d/1XrANUXw5DkNbCg0qHqBxhSUJRH65hFw9/view?usp=drivesdk
BG/T/23430,https://drive.google.com/file/d/11NEHUroEtQy98LVmYv8ml88vMVwujqkY/view?usp=drivesdk
BG/T/23427,https://drive.google.com/file/d/1MH4ZT_zsD-ZKN-MkR2S8LABxVI4xwCtu/view?usp=drivesdk
BG/T/23429,https://drive.google.com/file/d/1DUUti_cPNn2ZE8uDoMkg-iziadkuzxVR/view?usp=drivesdk
BG/T/23438,https://drive.google.com/file/d/1wNoHIEZg5XV-D7oOy9qj0ivsXaL6LPJ4/view?usp=drivesdk
BG/T/23439,https://drive.google.com/file/d/1ULwEbtZIUaVXD8gvHrx9_wJT6YI29Sye/view?usp=drivesdk
BG/T/23437,https://drive.google.com/file/d/1NxbZC8eSRJoxrilm9nF7FN9kakWzjEEt/view?usp=drivesdk
BG/T/23434,https://drive.google.com/file/d/1vDt4KFKwby5RoPSaRrCPcaak8-f6UT9p/view?usp=drivesdk
BG/T/23431,https://drive.google.com/file/d/17edYe7KIqCAk0rsMxWrq10oMH0K1bgCL/view?usp=drivesdk
BG/T/23⁴36,https://drive.google.com/file/d/1MoAXXLeAG-HrRukwLbGED0hqHIY48nGq/view?usp=drivesdk
BG/T/23436,https://drive.google.com/file/d/13QZ0p27SpLL3eXctZD6VzchTf4ATvhOr/view?usp=drivesdk
BG/T/23432,https://drive.google.com/file/d/18Hq43OwPH6iX35fRx5UMWTjG0E75OBXl/view?usp=drivesdk
BG/T/23435,https://drive.google.com/file/d/1184O3-mGGwjADo-HF6pWWEgYirAXfo8I/view?usp=drivesdk
BG/T/23433,https://drive.google.com/file/d/1SohGwBJOv3RFFBSxpq7HTd2tZp6q7EOg/view?usp=drivesdk
BG/T/23425,https://drive.google.com/file/d/1etx0JfMszNuDDArD9a7bJb3wCJiF4GIz/view?usp=drivesdk
BG/T/23443,https://drive.google.com/file/d/152dGjeoFQXSccf6NXnpGbB5MQOFP2pLM/view?usp=drivesdk
BG/T/23442,https://drive.google.com/file/d/1S1Y_FViklhUUHKIjEp5VlzK5RMujrSWD/view?usp=drivesdk
BG/T/23441,https://drive.google.com/file/d/1XpbwroyENhpbGa8E9ln9-CbxqAeQcX06/view?usp=drivesdk
BG/T/23440,https://drive.google.com/file/d/1CI2ZKeWo0ISIUXq3CAi5mIKNsPsZLurD/view?usp=drivesdk
BG/T/23445,https://drive.google.com/file/d/1Zho1eUXnAMcw5KsMjhQnuLBZj602Rj5h/view?usp=drivesdk
BG/T/23444,https://drive.google.com/file/d/1ejC2Br1-CCZSbisEsJtFW5s_lv3ZEUCP/view?usp=drivesdk
BG/T/23446,https://drive.google.com/file/d/124tI1ONmTrSJP51d70GuVuBc4kOsLsyI/view?usp=drivesdk
BG/T/23448,https://drive.google.com/file/d/1OYwl_2DIIxsdlhFZ7vzV-BeM3Nc2WbEe/view?usp=drivesdk
BG/T/23460,https://drive.google.com/file/d/1PHkiDD4TdSPNdKAKiCoyrG9m_p0ALnGN/view?usp=drivesdk
BG/T/23453,https://drive.google.com/file/d/1k557bnZUqwlseKtkcTE_2vLSztoGRQOo/view?usp=drivesdk
BG/T/23459,https://drive.google.com/file/d/1-fKD19fkmOWAqe5PzQrGpKfp5xT--CcW/view?usp=drivesdk
BG/T/23454,https://drive.google.com/file/d/1gxlMTePg_od1qqCrKE8cTjWPzKLf9_QY/view?usp=drivesdk
BG/T/23458,https://drive.google.com/file/d/1zklfQjfvYKA1vZNj4tHEomHnOovvP6MI/view?usp=drivesdk
BG/T/23457,https://drive.google.com/file/d/1ujAxryN2wqELwh5lKd4Li87YHZUoIOja/view?usp=drivesdk
BG/T/23449,https://drive.google.com/file/d/1aWb6_CelpZ0ed81R0R_UQRodriloh8sq/view?usp=drivesdk
BG/T/23450,https://drive.google.com/file/d/1lJ2L_CdsptvqmOCWYwODMJLa-8olG596/view?usp=drivesdk
BG/T/23455,https://drive.google.com/file/d/1l0rUXyXs-ZnJmhJ2ZAxQGooOYKFFxBA_/view?usp=drivesdk
BG/T/23451,https://drive.google.com/file/d/1w0AvYZf0wgaMN5eXWts5VDCY428K0Eny/view?usp=drivesdk
BG/T/23447,https://drive.google.com/file/d/10fcYpAxj0sMs0hZlk1s4QdH7kgOezdFT/view?usp=drivesdk
BG/T/23452,https://drive.google.com/file/d/1QNh_id-lrooppVCy9rj9123GGK_o-ATQ/view?usp=drivesdk
BG/T/23456,https://drive.google.com/file/d/1XR2req-bvUQbyHDrHQ5u5uEPhFs8Bg6v/view?usp=drivesdk
BG/T/23465,https://drive.google.com/file/d/1_p0oMXC3xRx20-9APTp_GB0dwQeaKEs4/view?usp=drivesdk
BG/T/23464,https://drive.google.com/file/d/19MS8lWwG0LAPo4_Dn2eo5SUkYtiMLvOY/view?usp=drivesdk
BG/T/23463,https://drive.google.com/file/d/1DlkgR-lHlfFf1lIQPnlQl3WHlKFW8Qm9/view?usp=drivesdk
BG/T/23462,https://drive.google.com/file/d/1Yjkg2OKV05IO4WfE6OD1ctEuTSl5iC7y/view?usp=drivesdk
BG/T/23461,https://drive.google.com/file/d/12StqxHkkjCsfXgW-PgG6m2ma6vbYQWUB/view?usp=drivesdk
BG/T/23483,https://drive.google.com/file/d/1M9xnR1HGsD1p_Yb1tLRW8kQmRy8x_S0I/view?usp=drivesdk
BG/T/23482,https://drive.google.com/file/d/1Jert_Rorlwuv0FHLfeIxL1EX8D57UsGV/view?usp=drivesdk
BG/T/23479,https://drive.google.com/file/d/1crma_hDYc_IQ3jRM2uA5-m8Tuckd5bXO/view?usp=drivesdk
BG/T/23478,https://drive.google.com/file/d/1BIXYVmscGQl_9wQ1luuG4odw2OpLfwVk/view?usp=drivesdk
BG/T/23477,https://drive.google.com/file/d/1tXUnhAT6I59JsVyzGxbNHNWx2vNo8I3f/view?usp=drivesdk
BG/T/23475,https://drive.google.com/file/d/19fcFEFNxhRfi7nBnsSsY0DmC0AcSFqyi/view?usp=drivesdk
BG/T/23476,https://drive.google.com/file/d/1GaE_0oqfA8QvL9bmJlJ-zXyCA6QUrPro/view?usp=drivesdk
BG/T/23480,https://drive.google.com/file/d/1DGrg7vfLaeYjJ5vev-6nRkXNKvwTimNJ/view?usp=drivesdk
BG/T/23474,https://drive.google.com/file/d/1r9D6AmfWCbi45UHhwgeqZAJZmYvwkXys/view?usp=drivesdk
BG/T/23473,https://drive.google.com/file/d/1C8UY_g7KPfIZ-w6qMUMlZuDeGdtpY0te/view?usp=drivesdk
BG/T/23472,https://drive.google.com/file/d/1JLYNi6_2NfCVMPj9MYS2Bm59u1ZyNBx5/view?usp=drivesdk
BG/T/23471,https://drive.google.com/file/d/1Y5XpVnTN179kpPi_WzaACuaTktBTrfMn/view?usp=drivesdk
BG/T/23470,https://drive.google.com/file/d/1EmLp37ZkIH28n591teBTXcYoicH0PU02/view?usp=drivesdk
BG/T/23469,https://drive.google.com/file/d/1G0A9ayFP_esGeNw4SiXde2Rh9SwggIOX/view?usp=drivesdk
BG/T/23468,https://drive.google.com/file/d/1qaocubYsrhA6jHfi1H67j3xzThw9aBaQ/view?usp=drivesdk
BG/T/23467,https://drive.google.com/file/d/1VhCpYsXzLHJlcQEoPvTa9dMk6QaO8g6r/view?usp=drivesdk
BG/T/23466,https://drive.google.com/file/d/1s3OHg8klp0OFoY8CAAG6jHLH_H2U1xPl/view?usp=drivesdk
BG/T/23484,https://drive.google.com/file/d/1jAicx6mxXK0stk16syDNbekQdUT_kzwX/view?usp=drivesdk
BG/T/23481,https://drive.google.com/file/d/1HmZWHvRilogHoCVfRveWZJk1HvkC5uGV/view?usp=drivesdk
BG/T/18710,https://drive.google.com/file/d/1ANGW2Hssi0Hp8SY3WcVrCPLqc-baK-JN/view?usp=drivesdk
BG/T/18268,https://drive.google.com/file/d/1eO-7gq09e_ysgS8a5I5ke0PzmvmDXEcV/view?usp=drivesdk
BG/T/18012,https://drive.google.com/file/d/1d1DC_61a00mU6SVzArGFoQ9D5HTX53oO/view?usp=drivesdk
BG/T/16552,https://drive.google.com/file/d/1dcqnYe_PWpO01YwNjtsvcxWVDCMl0bMY/view?usp=drivesdk
BG/T/18279,https://drive.google.com/file/d/1oWmmcIeSZ4crfH0IqS0ExGnKp6LlK2Gw/view?usp=drivesdk
BG/T/18755,https://drive.google.com/file/d/1Zx8Z3T0W_5iiahAY8tx-MYIMJMRDiUCb/view?usp=drivesdk
BG/T/23485,https://drive.google.com/file/d/1KclQPImsXTNF5_j6PZsl2Vw0iQpEAMaf/view?usp=drivesdk
BG/T/23486,https://drive.google.com/file/d/1JrcU0qjrAFnAWYJzy3_3upG_b_3vz-ER/view?usp=drivesdk
BG/T/23488,https://drive.google.com/file/d/1Qgm77nQFODm2H2TwADnKVrB9KioVZT5k/view?usp=drivesdk
BG/T/23487,https://drive.google.com/file/d/1ay7nZs-jy_Pvadz7xfrP220nJh0zkQRA/view?usp=drivesdk
BG/T/23489,https://drive.google.com/file/d/1INir0STcLF5j6zfKlUvSFtI2PRFUZzeC/view?usp=drivesdk
BG/T/23490,https://drive.google.com/file/d/1_wouIzS5XNvt89Nv_4OLO0E5z5jwAU4v/view?usp=drivesdk
BG/T/23491,https://drive.google.com/file/d/1_57ZFYeIZQRr4vK6GU0ROchvA5bSnq3P/view?usp=drivesdk
BG/T/23492,https://drive.google.com/file/d/1kRtqKXDr3s0ocGnYeGKdOf8Enrk_c5BL/view?usp=drivesdk
BG/T/23493,https://drive.google.com/file/d/1DiJBg6Ogr-lnnIsA0pRsleXBgiMGAGF8/view?usp=drivesdk
BG/T/23494,https://drive.google.com/file/d/1-S3e65ng_eTq1Asq0nSLDRpQrO8SxSY7/view?usp=drivesdk
BG/T/23495,https://drive.google.com/file/d/124Gn7mMktA-MIevvh9b4ofOCgCbDK4Q-/view?usp=drivesdk
BG/E/30604,https://drive.google.com/file/d/1FcnXGfWYCbcecg5dfiZc4vVVqBdIc2p8/view?usp=drivesdk
BG/T/23496,https://drive.google.com/file/d/1qXzqEKZR6r0FraRdbGNSi6li6m3UoBPh/view?usp=drivesdk
BG/T/23497,https://drive.google.com/file/d/1J5uDfh7Jd7PBGOMBTQP-0ae7vG1aOHWk/view?usp=drivesdk
BG/T/23499,https://drive.google.com/file/d/1fwFStvHVWdyqL5N36NbBB-iWa3DDTtoD/view?usp=drivesdk
BG/T/23500,https://drive.google.com/file/d/1BW-1VsYksCNlkWGqufB1YKxaC_4BVJ2I/view?usp=drivesdk
BG/T/23501,https://drive.google.com/file/d/1ZXNosrcxxwN-O25Hzx5HpnUac4ed8X00/view?usp=drivesdk
BG/T/23498,https://drive.google.com/file/d/1y2Ln0ifZsg6qy7f3dN9eIQIWLcACE4Gq/view?usp=drivesdk
BG/T/23502,https://drive.google.com/file/d/1P1j5aoK5K3oRZ3ydnGSuH3G5_5HyJZme/view?usp=drivesdk
BG/T/23503,https://drive.google.com/file/d/1A1D6rEBBAcYkTJBQAQ7Fgcw0FYsucjXV/view?usp=drivesdk
BG/T/23504,https://drive.google.com/file/d/1txwVeYB-ZzjW6ncMAcmXF01Onl49tOhP/view?usp=drivesdk
BG/E/29749,https://drive.google.com/file/d/1SA9-RWEuhcm_8mP0sXQUIKh1rCzv5X0o/view?usp=drivesdk
BG/T/23505,https://drive.google.com/file/d/1sl7wfPjwOrPP6mNs_5l4Eu6iOa7s0A8F/view?usp=drivesdk
BG/T/23506,https://drive.google.com/file/d/1dunDsNy9oUWCiRypAMF_6PXSzvHTQ-UK/view?usp=drivesdk
BG/T/23507,https://drive.google.com/file/d/1oDdSl1PleYkHaMLyyPJKEi4SUhvvWjtT/view?usp=drivesdk
BG/T/23508,https://drive.google.com/file/d/1_7jtsBRdiENOW4XCYz7G-X2Eq9BeQRzU/view?usp=drivesdk
BG/T/23509,https://drive.google.com/file/d/1LmR4tncp5EJY7gnFvm2SJBhKG8bgRFuL/view?usp=drivesdk
BG/T/23510,https://drive.google.com/file/d/1xLxTehicusR57Stfiy4fG_gTLthn9a2C/view?usp=drivesdk
BG/T/23511,https://drive.google.com/file/d/1BwJtaNq6xZ31KfTRcwrP0eECyhgsA8Sj/view?usp=drivesdk
BG/T/23512,https://drive.google.com/file/d/1iYbAnlCnAge5V7z6rB65Cl9w7w1pawF-/view?usp=drivesdk
BG/T/23513,https://drive.google.com/file/d/1mavU03kK7Qn9uUp8UIzwsUH4bo5sdUgO/view?usp=drivesdk
BG/T/23514,https://drive.google.com/file/d/1AqSO7mWiyxZmcE36FG5xNOJGf4tiMWJa/view?usp=drivesdk
BG/T/23515,https://drive.google.com/file/d/1LGYZ-mygU6_HBHD-stkPnO9cWH1TI-we/view?usp=drivesdk
BG/T/23516,https://drive.google.com/file/d/1z_dav34SIuR3pskqT63LYcBUSRooDGgQ/view?usp=drivesdk
BG/T/23517,https://drive.google.com/file/d/1dxWkjl0jgdvILT9efZlIvV1Sj6xFNaZv/view?usp=drivesdk
BG/T/23518,https://drive.google.com/file/d/1vyWTMLipW-ldHBb4pKi7lQBrOnjH9JYg/view?usp=drivesdk
BG/T/23519,https://drive.google.com/file/d/1ZA1whqDcSBa_xupy9F6LRsqbBgi89sLH/view?usp=drivesdk
BG/T/23521,https://drive.google.com/file/d/1rSfZxkD9UZvlXZicgmivdnriIciBkg27/view?usp=drivesdk
BG/T/23520,https://drive.google.com/file/d/1qPM-l3QYrusa-kuHgvVguCAHwZ08Kx87/view?usp=drivesdk
BG/T/23522,https://drive.google.com/file/d/1eO42xw-c5_df0t7qfWfsc0FvMYhYWhEl/view?usp=drivesdk
BG/T/23523,https://drive.google.com/file/d/1s0-guyz2P383fXrhPsuuG0W-zuBfls-U/view?usp=drivesdk
BG/T/23524,https://drive.google.com/file/d/1c8MTRW6_a8JxgDxb1SAvm5zdQ3p-_nyD/view?usp=drivesdk
BG/T/23525,https://drive.google.com/file/d/1EMFk47Nh9HDaXXtT5fg1cI8TF3jl0L_6/view?usp=drivesdk
BG/T/23526,https://drive.google.com/file/d/1S4logN-zM4s9xixReKCXnzIkQUUxwAZI/view?usp=drivesdk
BG/T/23527,https://drive.google.com/file/d/11DIQ0DJDrb2M9tPq6FuQ5n7aWB9GPcJ9/view?usp=drivesdk
BG/T/23528,https://drive.google.com/file/d/17Zjy8wA8ihHyWhPjOzcSd8CspAYK3IZM/view?usp=drivesdk
BG/T/23529,https://drive.google.com/file/d/1Pj7H56K3uooymHiAgPcdkdNUNHLAxqGM/view?usp=drivesdk
BG/T/23530,https://drive.google.com/file/d/1N1hk8QSGgQz0kHB80GQoOvskL0Y8ndQL/view?usp=drivesdk
BG/T/23531,https://drive.google.com/file/d/1rIYcC043e6I05KDv9_0AbJLIn3m7y_zL/view?usp=drivesdk
BG/T/23532,https://drive.google.com/file/d/1aTkbEV8qOnrQ3PLaWo-FdinrUSbGjqyj/view?usp=drivesdk
BG/T/23533,https://drive.google.com/file/d/1hRgnEVVLAwFBJn6pS6Lf64lsDOcezwRl/view?usp=drivesdk
BG/T/23534,https://drive.google.com/file/d/1SD6_hTx17uAM5hWJd9ETO6X2z7YcMOpR/view?usp=drivesdk
BG/T/23535,https://drive.google.com/file/d/1N3sp2SV7zRhhJOjOH3J2mid-3KZ429hj/view?usp=drivesdk
BG/T/23537,https://drive.google.com/file/d/1Fv75XcNasXcRTDazcTEiNtkSa0jInhsn/view?usp=drivesdk
BG/T/23536,https://drive.google.com/file/d/1brfCqXz3zRYRaCs_fU1GVxet1J8PADiE/view?usp=drivesdk
BG/T/23538,https://drive.google.com/file/d/1GB0EAHWTcwJ4LQx6ITeu249OYFvq90u2/view?usp=drivesdk
BG/T/23539,https://drive.google.com/file/d/1dM7WsJC5VyZIjNKmWdy9HE15S8jkgr9b/view?usp=drivesdk
BG/T/23540,https://drive.google.com/file/d/1I_ZUDVSglh4ClzPDZgNIHNdlOe_kzxfS/view?usp=drivesdk
BG/T/23541,https://drive.google.com/file/d/1Q-UeBykMkTFmrs3e4o2l6J274gI3GMBz/view?usp=drivesdk
BG/T/23542,https://drive.google.com/file/d/19e5ZSljq9VBihOOXnz8X5nmLp40sBEKQ/view?usp=drivesdk
BG/T/23544,https://drive.google.com/file/d/1Ew-i_mJi04xXCgDiXqkpH49ag2Go2ujY/view?usp=drivesdk
BG/T/23545,https://drive.google.com/file/d/1n3bKYmb8RrGAhJR1GE6_11dU9KtlDP3F/view?usp=drivesdk
BG/T/23546,https://drive.google.com/file/d/1z-RQY5JcC4zyxR2R_DEX4hUP78521g_Z/view?usp=drivesdk
BG/T/23547,https://drive.google.com/file/d/1otsTK1OoD4Cb_zA2JqXAlUzsEIMxEu4X/view?usp=drivesdk
BG/T/23548,https://drive.google.com/file/d/1TzDudIhQ_KGqcft1gxxrv4quADgbL3Do/view?usp=drivesdk
BG/T/23549,https://drive.google.com/file/d/11L6xr46NM10ZYny5HMN5SInCEhQ4pMkR/view?usp=drivesdk
BG/T/23550,https://drive.google.com/file/d/1AEa_7OHioXQlttS7zW0ebMJ8w8nyJzA8/view?usp=drivesdk
BG/T/23551,https://drive.google.com/file/d/1VA4445j79ixVSZkpbrLxTSLaaibww8BW/view?usp=drivesdk
BG/T/23552,https://drive.google.com/file/d/1FvQCiU7p_P3G3kL6FBQYCMNesBLTNQXj/view?usp=drivesdk
BG/T/23543,https://drive.google.com/file/d/1GJrGPKj05Yb4XNJgGhoenBpKxnsyWrQS/view?usp=drivesdk
BG/T/23554,https://drive.google.com/file/d/1gzwfzue9NsnkL5mkOCy2ddumM5AN421-/view?usp=drivesdk
BG/T/23553,https://drive.google.com/file/d/122UNINI9TtEK3PysmWSFyYnWbsywuJHg/view?usp=drivesdk
BG/T/23555,https://drive.google.com/file/d/1EDxigoxs8N-TSHQaR-KR3dT_BFK94uVm/view?usp=drivesdk
BG/T/23556,https://drive.google.com/file/d/12YEK0iDzZNcMx97Mdl9sT2uRgnbhmuH3/view?usp=drivesdk
BG/T/23557,https://drive.google.com/file/d/1tLmceJixsVID334snmkkSPwcY43EDWsU/view?usp=drivesdk
BG/T/23389,https://drive.google.com/file/d/1CvdMTMALJlJzNqcwxnPcHQx-WD7dS9mq/view?usp=drivesdk
BG/T/23558,https://drive.google.com/file/d/1_SIXXMns5ztsPHZ6DZ17IOigSOTQwSoJ/view?usp=drivesdk
BG/T/23559,https://drive.google.com/file/d/1Bk9QP3J3yBmSP7iYxigftIhZQmlDk9v1/view?usp=drivesdk
BG/T/23564,https://drive.google.com/file/d/1KNI9XPUZwX7tJMrJsdideKenFMhAjgpi/view?usp=drivesdk
BG/T/23563,https://drive.google.com/file/d/1DK-xeDIOxL31G-HVfoQKJirXVroMkROy/view?usp=drivesdk
BG/T/23562,https://drive.google.com/file/d/1z1fWzf45VzkBqUlJ3ZHhDIq6kEMUJrRj/view?usp=drivesdk
BG/T/23561,https://drive.google.com/file/d/1hiEHQLcxRJBlmbkkPVl9m1jxVU121hVy/view?usp=drivesdk
BG/T/23560,https://drive.google.com/file/d/1w9vuaxlhClXZubzMYpnDCTTVUidWwiHI/view?usp=drivesdk
BG/T/23565,https://drive.google.com/file/d/17umibrVaDuv_cY6jHYMSrWUuBV-3nCIS/view?usp=drivesdk
BG/T/23566,https://drive.google.com/file/d/1evMBjheIMfk_mRzIQYYAIrP4l8H0pWgd/view?usp=drivesdk
BG/T/23567,https://drive.google.com/file/d/19GuPmp09YxOwXv57VQCuq8vdkjz1u0f8/view?usp=drivesdk
BG/T/23568,https://drive.google.com/file/d/1zbC58zHOTFsvYPMez0f1GRXF_Jzt3PlQ/view?usp=drivesdk
BG/T/23569,https://drive.google.com/file/d/1_c_S4pXjvkQpllE8h_vz_oJQubYCIBzB/view?usp=drivesdk
BG/T/23570,https://drive.google.com/file/d/1bOZNYqzq8xEg1DY0TGQMfHf6_CLHeQFL/view?usp=drivesdk
BG/T/23571,https://drive.google.com/file/d/14H8ZuqdI39wcYsHXEi7Ju9UhLpb3rbGO/view?usp=drivesdk
BG/T/23572,https://drive.google.com/file/d/1Vwmo-MtcNO06pKz1kylaAJOK67V_4M53/view?usp=drivesdk
BG/T/23573,https://drive.google.com/file/d/1RWEVQNDgpyy_AnFdZ3Xd_FI3ykRmB9pA/view?usp=drivesdk
BG/T/23574,https://drive.google.com/file/d/1CYNmoO8BVW6dqHPMpC79gllZAmiSKOY_/view?usp=drivesdk
BG/T/23575,https://drive.google.com/file/d/13sTVvR_3yND4es-dtSRM_pacKNp_IZPd/view?usp=drivesdk
BG/T/23576,https://drive.google.com/file/d/1ESYL-7worguWoQqeksotf8UINQ9Dp0BT/view?usp=drivesdk
BG/T/23590,https://drive.google.com/file/d/1DOV52cxMSuqDwtqYnom_XBW35LcYfj0q/view?usp=drivesdk
BG/T/23591,https://drive.google.com/file/d/1mVjJYro0SCqT02tRaPB6F4gsTgXRazTw/view?usp=drivesdk
BG/T/23593,https://drive.google.com/file/d/18lvZWUt1AzrbiwRPEoRJwFMDsWLfjaTe/view?usp=drivesdk
BG/T/23592,https://drive.google.com/file/d/1R_MNSgLBI8-SCOy4YnRsgBGr-N8qgLCH/view?usp=drivesdk
BG/T/23595,https://drive.google.com/file/d/17Fs7lmhM7uTYgRbrxjxXNIaNi7Flo2jy/view?usp=drivesdk
BG/T/23594,https://drive.google.com/file/d/1NBuM5x6fHZmRcrMgAANl92pI-km3ea6M/view?usp=drivesdk
BG/T/23596,https://drive.google.com/file/d/1Az_-6NUkulgTRwbjkFGrMz-QlzEq2p9m/view?usp=drivesdk
BG/T/23597,https://drive.google.com/file/d/1BuEncaBgMMMGTI1zgJrgEe9SX4lLyGoT/view?usp=drivesdk
BG/T/23598,https://drive.google.com/file/d/1SHmW4vmHONvcgRhz9B1G5nA2f4ufS-UY/view?usp=drivesdk
BG/T/23599,https://drive.google.com/file/d/1VJc9kx303kDiOviVpocCjFl7ydYiqnS9/view?usp=drivesdk
BG/T/23600,https://drive.google.com/file/d/1N0ih9LEN857Idswxo24F0SowvX_j77oW/view?usp=drivesdk
BG/T/23601,https://drive.google.com/file/d/1ZBOr0aet4k1ymCOFL92zKd1X2Y9stIdj/view?usp=drivesdk
BG/T/23602,https://drive.google.com/file/d/1O9F37JbynsaFfynPSUpM6JuGgOIoWvh-/view?usp=drivesdk
BG/T/23603,https://drive.google.com/file/d/1xjloX-Lix6JboWwPFR7ArDBkjh7aiicX/view?usp=drivesdk
BG/T/23604,https://drive.google.com/file/d/18bkVlCJB5oy7mObqzz3Iwz1kE6KZ8uaG/view?usp=drivesdk
BG/T/23605,https://drive.google.com/file/d/1I9M7X9We2T013-bEKV9dvhozNRy25C0D/view?usp=drivesdk
BG/T/23606,https://drive.google.com/file/d/1F2Ob05T6dKn7bYJFQaEd7apRTjA22WVq/view?usp=drivesdk
BG/T/23607,https://drive.google.com/file/d/1UoatPzGfsvrr13BAAGwHXSePSrmzJqtP/view?usp=drivesdk
BG/T/23608,https://drive.google.com/file/d/1esZPllVHAlk35S1zAbA9Woz4kj02bHPg/view?usp=drivesdk
BG/T/23609,https://drive.google.com/file/d/1RNuKsg04PHOyVGxHFlN_hO2B0I0nVpTo/view?usp=drivesdk
BG/T/23610,https://drive.google.com/file/d/1j8wCP5884RorxBo3tDU8WcreLVT_G8ct/view?usp=drivesdk
BG/T/23611,https://drive.google.com/file/d/1AIDvdUA-L7RmOe8Ubu92otTkSwwb3-Gd/view?usp=drivesdk
BG/T/23612,https://drive.google.com/file/d/1l-fbVdqxXBH50CdufblJuREnl1boKsfw/view?usp=drivesdk
BG/T/23613,https://drive.google.com/file/d/1FQfjcNbxO5aieSGzWedJBRCVcK-Lo_o8/view?usp=drivesdk
BG/T/23589,https://drive.google.com/file/d/1Kd14bD_Q2ZSQj1a-cV16oBRwkB1k2m3k/view?usp=drivesdk
BG/T/23588,https://drive.google.com/file/d/1BGSSFRNGzhUjUdrzee6W1KG3_epePx-B/view?usp=drivesdk
BG/T/23587,https://drive.google.com/file/d/10nkNOH6mhvTKKeoSmZx1x-Qew_RpCOzQ/view?usp=drivesdk
BG/T/23586,https://drive.google.com/file/d/1t6-m_kWK4xTnqvxv7Y_GfWPraEgVpKM_/view?usp=drivesdk
BG/T/23585,https://drive.google.com/file/d/1pt4c6cOE3OqFXGc6a5d4A2UGBZ2vD7tN/view?usp=drivesdk
BG/T/23584,https://drive.google.com/file/d/14CuGKksXmGnFV_BIzB-A2FHyMQiQjoPO/view?usp=drivesdk
BG/T/23583,https://drive.google.com/file/d/1fWmWRngqDKMnYDIoPncYktp-X3j_YmTU/view?usp=drivesdk
BG/T/23582,https://drive.google.com/file/d/1KtkASNUgZJbC2kwPaoKg0qYnt-Q-TL-g/view?usp=drivesdk
BG/T/23581,https://drive.google.com/file/d/1Ng1doyP3fh1B0l4HEjUkZDHPG8WUZJWJ/view?usp=drivesdk
BG/T/23580,https://drive.google.com/file/d/1myrlYX-ZkDgzRumqLLPX-0pTvv6qZkWd/view?usp=drivesdk
BG/T/23579,https://drive.google.com/file/d/1f6Z4Eo-YprX_BNlB-x9kIBQ7PiRdRIo7/view?usp=drivesdk
BG/T/23578,https://drive.google.com/file/d/1PeN6rSa4i1Ld_hal-HQ8OinHRwhfPbPW/view?usp=drivesdk
BG/T/23577,https://drive.google.com/file/d/1S7UzGR5godPK06tZTks-TLJoR34lhZty/view?usp=drivesdk
BG/T/23617,https://drive.google.com/file/d/18IUUzYTJdBM9vxRMfiJ72mi50TaX3BJC/view?usp=drivesdk
BG/T/23614,https://drive.google.com/file/d/14PT6suZSyg8lrrXPPT_Cv1gyjRx3U3pr/view?usp=drivesdk
BG/T/23615,https://drive.google.com/file/d/1zsjIlem7iRPo4_U0M9ijFgcKcpBqLhVW/view?usp=drivesdk
BG/T/23616,https://drive.google.com/file/d/1aQMr5Vy0qvz8ilYxaFRff-j7U8wvzQ99/view?usp=drivesdk
BG/T/23618,https://drive.google.com/file/d/1BaWigbrMQ3zt-GwWfkNkx7s6s8yCVF6J/view?usp=drivesdk
BG/T/23619,https://drive.google.com/file/d/1gZW3QZdGjARiAQz3wqjRJHp21BgNXGwq/view?usp=drivesdk
BG/T/23620,https://drive.google.com/file/d/1cDTyiZ29Szb3sA8Jwoz4K5-XN1DOw0ET/view?usp=drivesdk
BG/T/23621,https://drive.google.com/file/d/1XO2SEfTDI71VDk5MAxau1u7dqtnA4Yy4/view?usp=drivesdk
BG/T/19873,https://drive.google.com/file/d/16JeXM5BZ5gIFiPEe7zhlQ_gsxni88C3s/view?usp=drivesdk
BG/T/16695,https://drive.google.com/file/d/1ofxU7GeYViFrp3MInlvTDkpAQJuACymk/view?usp=drivesdk
BG/T/19608,https://drive.google.com/file/d/1_hfdnHhdluclz5inyRoaMnfMemyiAniu/view?usp=drivesdk
BG/T/19551,https://drive.google.com/file/d/1MmNau9fa2cIfrKJ0HT8ydumYKeVp-lSV/view?usp=drivesdk
BG/T/18770,https://drive.google.com/file/d/1fGoHPK6pcangDDnBzjgD2zaudIH7Bf1f/view?usp=drivesdk
BG/T/19632,https://drive.google.com/file/d/1_Ms_FomPFK_J0kVY32KgDJJ1qpDG8lYN/view?usp=drivesdk
BG/T/19600,https://drive.google.com/file/d/1QFg5pPhU6WWqyWPmbNd7v07JMqgiROgI/view?usp=drivesdk
BG/T/19369,https://drive.google.com/file/d/1XnXrxRZAlffrxvMNNQ4ZQadFGhbih46l/view?usp=drivesdk
BG/T/18596,https://drive.google.com/file/d/1B8gqfb5pYRWOIEI-iYQ9aVBL4_BU32JL/view?usp=drivesdk
BG/T/18290,https://drive.google.com/file/d/1V-X1OVOv7YMoc_O4Fsh1IM7-Mj_8tpsg/view?usp=drivesdk
BG/T/18992,https://drive.google.com/file/d/1-Ih_1-0jEpmjRZ-_lvSlF8c4VnO4GDkr/view?usp=drivesdk
BG/T/16461,https://drive.google.com/file/d/1kZmrSMuXKIUeSaTnOFQXfqEUMQEQaqk3/view?usp=drivesdk
BG/T/18506,https://drive.google.com/file/d/1sZmPqSKrhu3DYilLbsvcMtM-z6PpZbhB/view?usp=drivesdk
BG/T/18510,https://drive.google.com/file/d/1lNsdrHT2TKhW_-Bfm_ua-aaBNHJ8KJSZ/view?usp=drivesdk
BG/T/19542,https://drive.google.com/file/d/1grl-jeszKX8ew82Yz6byajbkJH9pUopb/view?usp=drivesdk
BG/T/217900,https://drive.google.com/file/d/1JiagciXNnvbNN1Fcyy5bY4Z6rPWMnApF/view?usp=drivesdk
BG/T/19206,https://drive.google.com/file/d/1Pb361oMYW-XFj7CbIfQA5uNagoFeaF6b/view?usp=drivesdk
BG/T/19651,https://drive.google.com/file/d/1KG4jOpf-iagr7BaeXjnlvoWmK1-dD0Jw/view?usp=drivesdk
BG/T/19191,https://drive.google.com/file/d/1Q_fVknXuIwqnlXemPTpWW5gb_DbYf81w/view?usp=drivesdk
BG/T/19462,https://drive.google.com/file/d/1ghJTxCZbrJ36WsE4vcusR5qAAFA91EKn/view?usp=drivesdk
BG/T/19175,https://drive.google.com/file/d/1LNzP4qk7qeTTE4rByyZQaZAH6ySsu-do/view?usp=drivesdk
BG/T/19874,https://drive.google.com/file/d/1rbbUaNYGAGK4ZkShaWiRxJHZhiridTi-/view?usp=drivesdk
BG/T/21798,https://drive.google.com/file/d/1xcA3TsYJQQNywRfLfLPE1bdxI3B931UU/view?usp=drivesdk
BG/T/19748,https://drive.google.com/file/d/1-hqysMSTcp1PmrgaznY1D8hVZf_d9tpK/view?usp=drivesdk
BG/T/21568,https://drive.google.com/file/d/190lVrD8WM4h89uC7ya8tE7i6J6uvafkx/view?usp=drivesdk
BG/T/21754,https://drive.google.com/file/d/1rOlbs86v4dbQSBb2qgjzULw7fNPfXqmu/view?usp=drivesdk
BG/T/21935,https://drive.google.com/file/d/1fGwVlA9w8Js_nee-EEiVWCn-hBI14Lfi/view?usp=drivesdk
BG/T/21611,https://drive.google.com/file/d/1qWeQJ-rfPrcQDt0sgN0V-lpPJhjR_E6f/view?usp=drivesdk
BG/T/21788,https://drive.google.com/file/d/1ZN7-rpXt9ZWtvJ0ml1ot4Oy50Hsex0OQ/view?usp=drivesdk
BG/T/18811,https://drive.google.com/file/d/1F4UJOpCtr79uafPiaKBI-61Z14AlJrM6/view?usp=drivesdk
BG/T/21894,https://drive.google.com/file/d/1WVHND2PznzC_pYTph3K5RMrnO3yJCbEC/view?usp=drivesdk
BG/T/21759,https://drive.google.com/file/d/1WVuMjPRhO48qmU5ocQtais6rzn0MUhRB/view?usp=drivesdk
BG/T/21792,https://drive.google.com/file/d/1R7eTrHT_87737MDX4o-7GSYCdh6cY4rA/view?usp=drivesdk
BG/T/1848,https://drive.google.com/file/d/1rkOToVQj1PJV8PV2_07ABm8pIQ0K0Mp5/view?usp=drivesdk
BG/T/21811,https://drive.google.com/file/d/1Gfev65v_jPYvog3A8wv77Vk3cWBZV-AT/view?usp=drivesdk
BG/T/21716,https://drive.google.com/file/d/1YWOboNU4Kgrc-ugKgwi9YfMN2a_HoUmK/view?usp=drivesdk
BG/T/21663,https://drive.google.com/file/d/1Z1QcELI4MNw9VeDNrqR6geGU8Xj6zX-j/view?usp=drivesdk
BG/T/21604,https://drive.google.com/file/d/1IRcYVIM6J6VTlXi1Vll_1tmCATRoRZmV/view?usp=drivesdk
BG/T/21849,https://drive.google.com/file/d/1Ww6gjxUGfPvW9XsWJZFpvqW08_qxS0Mo/view?usp=drivesdk
BG/T/21690,https://drive.google.com/file/d/1WrvLtuPvoKSe90tok8DzuEw-r_0OPSnz/view?usp=drivesdk
BG/T/19131,https://drive.google.com/file/d/1yFDEQAAcMpoNCrxx9pEQVC23Bg3CHdKS/view?usp=drivesdk
BG/T/19762,https://drive.google.com/file/d/1HUddS_8kYoJAcL-E-HtOT_5qtaK9Bu50/view?usp=drivesdk
BG/T/18835,https://drive.google.com/file/d/1bHOnuO01ioteF7NrEi_Je-NQvi0R1su4/view?usp=drivesdk
BG/T/19399,https://drive.google.com/file/d/1kT7iV7PSsLQCXe58FMFT3uU_T6U3Qa5S/view?usp=drivesdk
BG/T/19780,https://drive.google.com/file/d/1OaYHy5PW_XR7IlBuB98-wdVRg5lGHgDP/view?usp=drivesdk
BG/T/21853,https://drive.google.com/file/d/13yAMHtIl3FqTlCGtaEU_3LJzbeSTmn0T/view?usp=drivesdk
BG/T/21787,https://drive.google.com/file/d/1YWoUimzTxsv3UkR4FCLzSmbEhZwGAdB1/view?usp=drivesdk
BG/T/20057,https://drive.google.com/file/d/15I6Bo7ZIXv83XU9_zgLXGMqDdUqrlmFb/view?usp=drivesdk
BG/T/23622,https://drive.google.com/file/d/1xRxiYxM-lXKIIxLmP2f3o2APsLMJKzrL/view?usp=drivesdk
BG/T/23624,https://drive.google.com/file/d/1nOPoM1OyIc1PSDf8-bzy-w4DrVl-YYg0/view?usp=drivesdk
BG/T/23623,https://drive.google.com/file/d/1AC0EcZApeeNzcPyLZN_6UXq650ueII2i/view?usp=drivesdk
BG/T/23625,https://drive.google.com/file/d/1hTcNLtuSBfyb7rm-sYbkOay4VvIuCk6F/view?usp=drivesdk
BG/T/23626,https://drive.google.com/file/d/11bbQ9XhbiauRRg4HevC79RwnS689ZH2u/view?usp=drivesdk
BG/T/23627,https://drive.google.com/file/d/1Da2SNr6oGg283Enqa81aZWR9i9daOAzu/view?usp=drivesdk
BG/T/23628,https://drive.google.com/file/d/1fmV4poEFqSMjICZEYam1fHZbRQuVvGmo/view?usp=drivesdk
BG/T/23629,https://drive.google.com/file/d/1tOh-wVPMeBBsDNKnJC8O2eRjGgi4WKbu/view?usp=drivesdk
BG/T/23630,https://drive.google.com/file/d/14cnwIMVoWEf9h4pa2gnRv6UU6qHKlUqq/view?usp=drivesdk
BG/T/23631,https://drive.google.com/file/d/1f7sq-5kwovE4uNz4NIt3kg19w-FJl5dR/view?usp=drivesdk
BG/T/23635,https://drive.google.com/file/d/1Ajt2D6B3aoDbAMpGoekWgnJMu27SWJYs/view?usp=drivesdk
BG/T/23633,https://drive.google.com/file/d/1lY2KCQhmny5bzfBO2LLm9pxFfXllo-yB/view?usp=drivesdk
BG/T/23634,https://drive.google.com/file/d/1j4EKd4RVpLpJ8XWF7RbXZ6YKx-sDOQ4J/view?usp=drivesdk
BG/T/23632,https://drive.google.com/file/d/1-GMnTdsVxOn1Ewp7ZwfPuxUdc2kzEXYC/view?usp=drivesdk
BG/T/23636,https://drive.google.com/file/d/1Kv7lJ7xLbn7H41RAl5vL7FmyUeY6-rIW/view?usp=drivesdk
BG/MN/3359,https://drive.google.com/file/d/1Mthhh428k_pjYPaLDnZCaRasu0q1oH8j/view?usp=drivesdk
BG/MN/3358,https://drive.google.com/file/d/1yG_qLBThbQhtuOgOGxxDcFBSacge_wkV/view?usp=drivesdk
BG/T/23637,https://drive.google.com/file/d/1KgPgyYn8IyYAN2Eh0-FKnC8xRC9X1c7D/view?usp=drivesdk
BG/T/23638,https://drive.google.com/file/d/1nyaO_X_glLVMMTMxIwEygeB9Ii9LotZY/view?usp=drivesdk
BG/T/23639,https://drive.google.com/file/d/1kCnjpO-KEJytlgZZGvNuR2KKQkIMHx1S/view?usp=drivesdk
BG/T/23644,https://drive.google.com/file/d/1vRn4htz3nti4_5NFARy49fMzLCuWvnol/view?usp=drivesdk
BG/T/23643,https://drive.google.com/file/d/1GsbZjdLNjl7MBBjb6bx8wF0PLIbNlTmA/view?usp=drivesdk
BG/T/23641,https://drive.google.com/file/d/1PWRSNLqqT7f1Js5c0QW1XHHAVvm6rj90/view?usp=drivesdk
BG/T/23642,https://drive.google.com/file/d/1QKffd-9WePrrqr-nEommcE1K7txrF32p/view?usp=drivesdk
BG/T/23640,https://drive.google.com/file/d/1lpNPOpm1k-DBX-c4RA2sRWwuCTcZwWm3/view?usp=drivesdk
BG/T/23646,https://drive.google.com/file/d/1nOkCw712muIKPD72mSa1ZmHatmKWN-WJ/view?usp=drivesdk
BG/T/23647,https://drive.google.com/file/d/1BSzsEVSeHrI_HGGCGATzkqqBcjqnMrNS/view?usp=drivesdk
BG/T/23648,https://drive.google.com/file/d/1W7iaEl4bbuOAUpgaJq_-kzswuU95lFuv/view?usp=drivesdk
BG/T/23649,https://drive.google.com/file/d/1v1MwCrz6yEnfQDCFTLMgfR8osGNCqsiD/view?usp=drivesdk
BG/T/23651,https://drive.google.com/file/d/1ocZtA_nqsmVVa5x0iNpNCMBSKhcXPnVA/view?usp=drivesdk
BG/T/23650,https://drive.google.com/file/d/1Wejrwy-5C0sUcyOqwqLefiU1b_E4d8cH/view?usp=drivesdk
BG/T/23652,https://drive.google.com/file/d/16XPjswxxG0PYu7f5_mPnZn7cEEiIClOS/view?usp=drivesdk
BG/T/23653,https://drive.google.com/file/d/1H3dOu-JtfyMmsljTD890tZQ9RGPyp--v/view?usp=drivesdk
BG/T/23654,https://drive.google.com/file/d/1Xa02a557y7hBYxCvO0QzGxTxxutdZV2X/view?usp=drivesdk
BG/T/23655,https://drive.google.com/file/d/10tarXM9xLaM4rfrlDZYMAsYiSP2ExoCd/view?usp=drivesdk
BG/T/23656,https://drive.google.com/file/d/1ZLviMmB29vcErpQJAa1J_JUzc9a-gUbw/view?usp=drivesdk
BG/T/23657,https://drive.google.com/file/d/1ej-Uk7r2N6yXSq3cBMCKwhW67gf-F0kw/view?usp=drivesdk
BG/T/23660,https://drive.google.com/file/d/1-2Zrnoi6hLwuvQEvU5dTkaXx5LxqF25d/view?usp=drivesdk
BG/T/23659,https://drive.google.com/file/d/19957kQlr2CvqLRn9__6_SoQ2gDhWpqzE/view?usp=drivesdk
BG/T/23658,https://drive.google.com/file/d/1yKhTmlEVsYbXgAOeJ43le7I6dkoJCirz/view?usp=drivesdk
BG/T/23661,https://drive.google.com/file/d/1AlFWcwHqcj4DAJ2INNdYc5NR8WnfQMMK/view?usp=drivesdk
BG/T/23662,https://drive.google.com/file/d/16ls9zu7DplF3xZkBUdRwN9JgwJtNocbO/view?usp=drivesdk
BG/T/23664,https://drive.google.com/file/d/1Ihh7yK3BPpUtSIrwTNclWXhZ89qOLOGJ/view?usp=drivesdk
BG/T/23663,https://drive.google.com/file/d/1SvfA9eSux1aQalCrlEUTDP31M4C18_T6/view?usp=drivesdk
BG/T/23665,https://drive.google.com/file/d/1af2hSCGolkkBbS2p8dr1ofVpFrkAvVbs/view?usp=drivesdk
BG/T/23666,https://drive.google.com/file/d/1oneFi24_8N6rsyjL5tYHFcuaj8C2OFCq/view?usp=drivesdk
BG/T/23667,https://drive.google.com/file/d/1u_LUPAXKsXUKZ0juGtW24t-fO4letTos/view?usp=drivesdk
BG/T/23668,https://drive.google.com/file/d/1qpbpKojvX9uqrktUCXU3S0uqznG_rXUQ/view?usp=drivesdk
BG/T/23669,https://drive.google.com/file/d/10p8_glB7u8rjpuWMSKPB7ehKV1s6ENnv/view?usp=drivesdk
BG/T/23673,https://drive.google.com/file/d/1Cau8ffg70TDOVZ1QfXGRCVYqbQD5z6Oh/view?usp=drivesdk
BG/T/23670,https://drive.google.com/file/d/17eeYiunaSS-bIhoBAzA0doK5S_9NXSqL/view?usp=drivesdk
BG/T/23672,https://drive.google.com/file/d/1WhCNm2ilBS7uOGkbPJWSIhf8bT-_17_i/view?usp=drivesdk
BG/T/23671,https://drive.google.com/file/d/1v-AgmGqZEw0f60KCLwXIAyF9KVZxCUY9/view?usp=drivesdk
BG/T/23674,https://drive.google.com/file/d/1tv9yEK8Asb1jg_HqS5PfueRn5nnlWg_6/view?usp=drivesdk
BG/T/23675,https://drive.google.com/file/d/1bKpZtMxw0uJvMQ6rtsmXHwsJr6FiLGyu/view?usp=drivesdk
BG/T/23676,https://drive.google.com/file/d/1zqtY2_TkxlkEEqP1b9nDeS43cTB4biZ_/view?usp=drivesdk
BG/T/23678,https://drive.google.com/file/d/1fVJQsat5OwJLoz6E0OSyS8QagsyaaoFT/view?usp=drivesdk
BG/T/23677,https://drive.google.com/file/d/1sZAfNg_UsIQZ9atNB2DoUw1J3zxO8ZaQ/view?usp=drivesdk
BG/T/23679,https://drive.google.com/file/d/1hENGYDPrNbdIWh7dzCTbrai6hTeOmM7P/view?usp=drivesdk
BG/T/23680,https://drive.google.com/file/d/1HJYh2SJXP3j_zjGefrDEYMlz0CG7RWte/view?usp=drivesdk
BG/T/23681,https://drive.google.com/file/d/1W-gRUhWqxWIWMdCNXFumLt6sR4fhr3mW/view?usp=drivesdk
BG/T/23682,https://drive.google.com/file/d/1cLWhLn8qpYomW6h_WiXfvzPsr8kaZay-/view?usp=drivesdk
BG/T/23683,https://drive.google.com/file/d/1zjtilb3klv4pbJlzNDe_5l1dwKl2hLNW/view?usp=drivesdk
BG/T/23684,https://drive.google.com/file/d/1f4OkSwlTpSv7Kjrm011R7Fq-A7G4UkPi/view?usp=drivesdk
BG/T/23686,https://drive.google.com/file/d/1tUxEoTDO1EtkRuz8joyvmvlApAszP8TG/view?usp=drivesdk
BG/T/23687,https://drive.google.com/file/d/1cyTb-e5A9AUCOFTbr6-sLJW840Rtcy7U/view?usp=drivesdk
BG/T/23685,https://drive.google.com/file/d/1A4qjb09QdtA0pYPb99d-prusFdMp8RV5/view?usp=drivesdk
BG/T/23688,https://drive.google.com/file/d/1aPZe4_vATQAm7MS_4jfnfLdLv7aEbxzM/view?usp=drivesdk
BG/P/23040,https://drive.google.com/file/d/1xFwVpT-K5IAKTUdj5PMjGJXc7CxgUTld/view?usp=drivesdk
BG/T/23689,https://drive.google.com/file/d/11nDNHmrzZxpCPJkrPu-ynOnrrTqbXBfa/view?usp=drivesdk
BG/MN/3360,https://drive.google.com/file/d/1iI2JO7dI7GnO_zOMTNxZW7JQ4yh5C3LD/view?usp=drivesdk
BG/T/23690,https://drive.google.com/file/d/1X29DaYEnuKX3NrfQGocqOoMUrufRjcvT/view?usp=drivesdk
BG/T/23692,https://drive.google.com/file/d/1oM_1jN8RU6Z801LnFDp_rpBf988Q1IJ9/view?usp=drivesdk
BG/T/23691,https://drive.google.com/file/d/1seFzARdSUWbbwzit9TJ9cGHHGGHD5uYe/view?usp=drivesdk
BG/T/23695,https://drive.google.com/file/d/1HV3GanIoDzgCYMm77Xbu_S3Evp-BMRkv/view?usp=drivesdk
BG/T/23694,https://drive.google.com/file/d/1Ml9U_KUhl6ryuuygAek3myr-Rl8L98-q/view?usp=drivesdk
BG/T/23693,https://drive.google.com/file/d/1Dj4Pn7i55ARgL_inikU0gtrYlE7lZXOa/view?usp=drivesdk
BG/T/23696,https://drive.google.com/file/d/17Yz790RMbOBahKLUq7dMz36_T_PuVkPL/view?usp=drivesdk
BG/T/23698,https://drive.google.com/file/d/1CDHOx_6DsauHIE6VP1j7pW1BbiPCQIPJ/view?usp=drivesdk
BG/T/23697,https://drive.google.com/file/d/1NbTOwh8PvmU58p5zS22PaTGDQtLdC-eb/view?usp=drivesdk
BG/T/18480,https://drive.google.com/file/d/1rkOToVQj1PJV8PV2_07ABm8pIQ0K0Mp5/view?usp=drivesdk
BG/T/21790,https://drive.google.com/file/d/1JiagciXNnvbNN1Fcyy5bY4Z6rPWMnApF/view?usp=drivesdk
BG/T/23700,https://drive.google.com/file/d/1SDS7Q73Vx0LHcU2-tzPZgfX48G-OAhnB/view?usp=drivesdk
BG/T/23699,https://drive.google.com/file/d/1lbqm-JtozBd6aUm1sx1jApcTSPoHaPXw/view?usp=drivesdk
BG/T/23701,https://drive.google.com/file/d/1-ysXAWRjqJhCs4Z9SJm1xUjREa3esYth/view?usp=drivesdk
BG/T/23702,https://drive.google.com/file/d/1I81FUXaL9TzO2-BJB8YVFSwpNtsAG2jy/view?usp=drivesdk
BG/T/23703,https://drive.google.com/file/d/1zPq66uY2gj-14Cvy19d47xm1ARzVn9ss/view?usp=drivesdk
BG/T/23704,https://drive.google.com/file/d/1wVw9KyVJ-hxgzV3I1xjwyhSxJs2vNuCS/view?usp=drivesdk
BG/T/23705,https://drive.google.com/file/d/1YpASfGiBt7lFqNQy_b2FgCgvmGcmd7eO/view?usp=drivesdk
BG/T/23706,https://drive.google.com/file/d/1FbnrF3UMYKX8rO8ygnpVOPAgaudCAbKE/view?usp=drivesdk
BG/T/23707,https://drive.google.com/file/d/1HddQhe3kCvvlEVijmnXkrcoV2smcrfSX/view?usp=drivesdk
BG/T/16138,https://drive.google.com/file/d/1I_agmqOBqwaDouzkCjqTN6WYxK4eftuG/view?usp=drivesdk
BG/P/26001,https://drive.google.com/file/d/1K2HJm7lV88GQgn2so_hXHU_6nOjJUBdO/view?usp=drivesdk
BG/T/23708,https://drive.google.com/file/d/1hc-l8w3uwf0WSt-MisCd67td_wjEwsKF/view?usp=drivesdk
BG/T/23709,https://drive.google.com/file/d/1BG7-a1QmydiB0xXo6_oTYYsrvbOE4JHl/view?usp=drivesdk
BG/T/23710,https://drive.google.com/file/d/1a0Y28l3bd09cyi80Jb6RHoYU4_rwfjLg/view?usp=drivesdk
BG/T/23711,https://drive.google.com/file/d/18XSfjKkReHI12mWzzHxc_9K3fcLWzg6W/view?usp=drivesdk
BG/T/23712,https://drive.google.com/file/d/1WCpuiAXpmcH2w46z-WAuo4HcCg3Ul0YY/view?usp=drivesdk
BG/T/23713,https://drive.google.com/file/d/1Jr3LShrDzSCwdjtMIpbiWaZ6Iao38GN6/view?usp=drivesdk
BG/T/23714,https://drive.google.com/file/d/1AxQ15pxUGzBrc2SUogiWMAVBk-VTynPM/view?usp=drivesdk
BG/T/23715,https://drive.google.com/file/d/1tYFPJTlqYp1MC6F6545ntZyqwg9LJ0Ys/view?usp=drivesdk
BG/T/23716,https://drive.google.com/file/d/1jJp4j3MznrFKGqZ_3ibjRr2HIRad7BaB/view?usp=drivesdk
BG/T/23718,https://drive.google.com/file/d/1HrmMw_AJ9_9IIoP4T-YBSpZZj1blWB2R/view?usp=drivesdk
BG/T/23719,https://drive.google.com/file/d/14p05yPlza3SHvO65IsaiNRHuqnr0ChCD/view?usp=drivesdk
BG/T/23720,https://drive.google.com/file/d/12_aAD9idpBkw3T3jioq9n9GL1zrnHpC-/view?usp=drivesdk
BG/T/23721,https://drive.google.com/file/d/129y5FQI7QSUweluu_4LIYEoKaOhjpw17/view?usp=drivesdk
BG/T/23722,https://drive.google.com/file/d/1OstlzDywRqZGm16j1PyrwrSJeHGnd6aV/view?usp=drivesdk
BG/T/23723,https://drive.google.com/file/d/1i1Cpyj6lv2LJ328RGVMU3isUdvpFR23F/view?usp=drivesdk
BG/T/23725,https://drive.google.com/file/d/1dODC5MFdSTkx2uVZDnfG0aeGQfXnh5yC/view?usp=drivesdk
BG/T/23727,https://drive.google.com/file/d/1rsai8Gtyc7K-Hzbhcz27xwLO6j3w_Hiy/view?usp=drivesdk
BG/T/24717,https://drive.google.com/file/d/1BsY1n8sAvU68VfeY6CX3PXTLqzbS9m6g/view?usp=drivesdk
BG/T/23724,https://drive.google.com/file/d/1wzyPWwIHhQxvFPjmPgzB3w7X_DxIM_Vx/view?usp=drivesdk
BG/T/23728,https://drive.google.com/file/d/1i6bsKUgaIfxDckRZeL_cSPG-epTmYinD/view?usp=drivesdk
BG/T/23729,https://drive.google.com/file/d/1QKKowz30pq_ZASrOX7lfrk3MoT-0b7Nd/view?usp=drivesdk
BG/T/23730,https://drive.google.com/file/d/1omB0UM-EqqgY8HYE4NDaWQ_okhZeUE-e/view?usp=drivesdk
BG/T/23726,https://drive.google.com/file/d/1WRuzXd_bAqTCnUOHWfkkxXXSyUR69GLQ/view?usp=drivesdk
BG/T/23741,https://drive.google.com/file/d/19hgkNUEW1qYIpHJiJ2oEEYons9EAcEzN/view?usp=drivesdk
BG/T/23744,https://drive.google.com/file/d/1hdBideW8TY7FPvYQdjHjzBwDBQm3GkAQ/view?usp=drivesdk
BG/T/23734,https://drive.google.com/file/d/16Em-bzFw1o-l0VMpNXlgyFYUKC_hitNr/view?usp=drivesdk
BG/T/23740,https://drive.google.com/file/d/1MO6yTsDk1gBFivcvRNAk1p6nRQ7N96Gu/view?usp=drivesdk
BG/T/23739,https://drive.google.com/file/d/1ve3cbVdXqOn5vqZ3GGrnxRmZACKgEOxM/view?usp=drivesdk
BG/T/23738,https://drive.google.com/file/d/1RoRgR8uUlZ9OfsWv_dvr1Tr2abGMTV42/view?usp=drivesdk
BG/T/23737,https://drive.google.com/file/d/1sHH2L-wYUIJ69YGHAERHzv6v9f8e9rr8/view?usp=drivesdk
BG/T/23742,https://drive.google.com/file/d/1nPI-kR2uCVRmPTrPdmMQVooCK_FqLa7h/view?usp=drivesdk
BG/T/23746,https://drive.google.com/file/d/1FPlzlsVPf0NVGUDmXD3qkpeqxIQMzM__/view?usp=drivesdk
BG/T/23736,https://drive.google.com/file/d/1XYW5r7Tg_oGwDjuC7UsJLNqDHDwrwNvq/view?usp=drivesdk
BG/T/23743,https://drive.google.com/file/d/1XqVEgELfZbRypBi3PEjpQYwUkShxIW7c/view?usp=drivesdk
BG/T/23735,https://drive.google.com/file/d/1RqGXsy91qB_WNAwRD5TledqATFFw0d23/view?usp=drivesdk
BG/T/23748,https://drive.google.com/file/d/1hItiqdlXgWnCFbBl75cOwlBlSGPc0-SJ/view?usp=drivesdk
BG/T/23745,https://drive.google.com/file/d/1YZ44UmwPtUZ7D4RxFDpCzkCkw3OKSa6-/view?usp=drivesdk
BG/T/23747,https://drive.google.com/file/d/12JzLlm_zlcbkhCiPbf668-83OAbZDGJT/view?usp=drivesdk
BG/T/23733,https://drive.google.com/file/d/1t84-LqaQBFGvl_spqnwOaJNWbYE1XJER/view?usp=drivesdk
BG/T/23752,https://drive.google.com/file/d/1RYp3pkJP3J5fRuiO34oomLwQDHYE9W4F/view?usp=drivesdk
BG/T/23750,https://drive.google.com/file/d/1-D3IIOTfDCPOHA5nkObxrCRwyerMgPmk/view?usp=drivesdk
BG/T/23753,https://drive.google.com/file/d/14VmXyYdcPvVHBC_xwa36F4BPZftafTvt/view?usp=drivesdk
BG/T/23751,https://drive.google.com/file/d/1JMnAMP8hv0Ke1k9jfZVGPSLGkbFWciIx/view?usp=drivesdk
BG/T/23732,https://drive.google.com/file/d/1Gbfq0UEYU_lxcLvaNdA8A3VByIKp-1HA/view?usp=drivesdk
BG/T/23749,https://drive.google.com/file/d/1522JI837WnYiQQJuq79HdTkJglu3peaq/view?usp=drivesdk
BG/T/23755,https://drive.google.com/file/d/1m8ogRzziFgnxbKaY4_BZSJA4ZnqMH46r/view?usp=drivesdk
BG/T/23754,https://drive.google.com/file/d/19jW-aSxK7R8lhA2UDr_oLpt1V35vuaV9/view?usp=drivesdk
BG/T/23731,https://drive.google.com/file/d/1PmSX5F6JO9IZ74MnklNPNKwoJDj8h10b/view?usp=drivesdk
BG/T/23768,https://drive.google.com/file/d/1zXvLdjFt1yjgz_2TCNH5bDmF-sXHfwAo/view?usp=drivesdk
BG/T/23769,https://drive.google.com/file/d/1XQE7Mz-MDIomv9UzOfz_q1i3XIcfFPAT/view?usp=drivesdk
BG/T/23770,https://drive.google.com/file/d/1-TkccX75f_U4Bp1xo_Cqx9t2an17Tt21/view?usp=drivesdk
BG/T/23766,https://drive.google.com/file/d/1UeXmq1SBvLXBh1FLatI3RCM0nyS7kY1z/view?usp=drivesdk
BG/T/23765,https://drive.google.com/file/d/1o2wBE8rvJ8rkeU8SVAduUpCjdzuZVxYP/view?usp=drivesdk
BG/T/23767,https://drive.google.com/file/d/1WRwFuxkXwjCnTwLpVvXQXHuc2IwUi-3f/view?usp=drivesdk
BG/T/23764,https://drive.google.com/file/d/1SFrcPxq4S7CdGscLLWb1JBE0zY8xwQPM/view?usp=drivesdk
BG/T/23763,https://drive.google.com/file/d/1GofdkUg1eNPjVx8vsZtXKe9qxGMcQRxn/view?usp=drivesdk
BG/T/23761,https://drive.google.com/file/d/1mWSZSswrdgBsS15GEdMTP7vZ8AgTkIle/view?usp=drivesdk
BG/T/23762,https://drive.google.com/file/d/1v2y_Wfo2xPyoL43urz94nrZnDrc88GVw/view?usp=drivesdk
BG/T/23760,https://drive.google.com/file/d/1dOgXg00mmi-KbFpSLAS0RQp0d8mWRFFU/view?usp=drivesdk
BG/T/23759,https://drive.google.com/file/d/1Czu1JG9oB1IibGwn6zQJSuQaOxO0BSkA/view?usp=drivesdk
BG/T/23757,https://drive.google.com/file/d/11tjogp9sPwqwm148dKDctRic5v-Ye4Bp/view?usp=drivesdk
BG/T/23758,https://drive.google.com/file/d/1vN-6-eGMDbAN1uAh62tCJgBUzhlZ0S5M/view?usp=drivesdk
BG/T/23756,https://drive.google.com/file/d/1ETGZujvW0ENYR5FZWXA39OGpywMKZJQF/view?usp=drivesdk
BG/T/23781,https://drive.google.com/file/d/1z8Cifx1YuloJ1okqoJx5i49UvbIdsPSo/view?usp=drivesdk
BG/T/23780,https://drive.google.com/file/d/1ZNuHqd-ygCmgZrfb9U3LE7V6-qJeB8_K/view?usp=drivesdk
BG/T/23779,https://drive.google.com/file/d/1e_Peih6-Ug0grnLlgfb_KJxmTcf-GAev/view?usp=drivesdk
BG/T/23776,https://drive.google.com/file/d/1YzZOZHiIzv4EqDAQOkdgAWB3h0aute34/view?usp=drivesdk
BG/T/23777,https://drive.google.com/file/d/1ogrUtl3Ob4igYUlu2QfFGhf7NK7SuP7Z/view?usp=drivesdk
BG/T/23772,https://drive.google.com/file/d/1aYKVA7M7c4KA0BNPQjEd3wYYHYWpxZLU/view?usp=drivesdk
BG/T/23773,https://drive.google.com/file/d/1x4gFJa8r0JGlCFIEvm1ZfHqpNw2nMPJn/view?usp=drivesdk
BG/T/23771,https://drive.google.com/file/d/1190t7aEerwtZLzHR2DuIBgnm1GkSeegB/view?usp=drivesdk
BG/T/23774,https://drive.google.com/file/d/1Sevly_WVWWghMjtWsH5sHDiyOUoU7zO7/view?usp=drivesdk
BG/T/23778,https://drive.google.com/file/d/1uLyAjMFBfk4x4omGZQEq9Q5TbLhJcM_p/view?usp=drivesdk
BG/T/23775,https://drive.google.com/file/d/1E7ByULrQ8TWXNhlj1Xifdg3haY66TcaF/view?usp=drivesdk
BG/T/23782,https://drive.google.com/file/d/1i8yItc6AVxc-D4YS6a3_ZXLsPJC9WYte/view?usp=drivesdk
BG/T/23783,https://drive.google.com/file/d/1cbMrvDrkI-FAGLz1MdG9C-9Yk4KHZT_K/view?usp=drivesdk
BG/T/23785,https://drive.google.com/file/d/1WmYTWVAlmGEyiJ8ai0zMVQbydl-2ZEVl/view?usp=drivesdk
BG/T/23784,https://drive.google.com/file/d/1MWDJGeATYqgvSXAWVxBp1gPyvZSWlnHF/view?usp=drivesdk
BG/T/23786,https://drive.google.com/file/d/1RuEFia7Ha3JGhxOIJZ8dG_-HjxVoiK3_/view?usp=drivesdk
BG/T/23787,https://drive.google.com/file/d/1uqbB0z3a675jhNz93U2P3sYuem3Rawp5/view?usp=drivesdk
BG/T/23788,https://drive.google.com/file/d/13eAr2sRRslSUtbxjoQsJZ1SyGF_NQm1-/view?usp=drivesdk
BG/T/23795,https://drive.google.com/file/d/1AvWU3sJqHbhRj4-tHzxGHJJbBb8cE32e/view?usp=drivesdk
BG/T/23796,https://drive.google.com/file/d/1nROAGwu-1XSV24KqNwaKBtawje2ydFXS/view?usp=drivesdk
BG/T/23789,https://drive.google.com/file/d/1o9hXJAwwlWK4Nxew-jNue60oFjrhKUzx/view?usp=drivesdk
BG/T/23790,https://drive.google.com/file/d/18uZ-FBXYxisxkZtjAm-VjEVTH6IVcasI/view?usp=drivesdk
BG/T/23791,https://drive.google.com/file/d/14q_IWmn7BpCT4aDee3TygxxXw0ur4z1a/view?usp=drivesdk
BG/T/23792,https://drive.google.com/file/d/1Eo0Xn9O1ue7vEbH06HX8YSKLo0oA3lCo/view?usp=drivesdk
BG/T/23793,https://drive.google.com/file/d/14qHhKQNIA6fRrz88dhQAU8p7fngYI4Xs/view?usp=drivesdk
BG/T/23794,https://drive.google.com/file/d/1m14yjbS5Gvbxg-M0nTWnUoPGW5o8k13U/view?usp=drivesdk
BG/T/23800,https://drive.google.com/file/d/1gmKQy9mWnWbv4EeCTYOdr_rXC9FxY0sQ/view?usp=drivesdk
BG/T/23801,https://drive.google.com/file/d/1vFHnOuGDah9zf1nYcwdARQou9UsV_Nue/view?usp=drivesdk
BG/T/23802,https://drive.google.com/file/d/15ZSVKKqLSH6G5cQIkuskp4BjcXqi5g-5/view?usp=drivesdk
BG/T/23803,https://drive.google.com/file/d/1vDbaavnCAYNrTD7Oe0uglN3KZ5lhEFby/view?usp=drivesdk
BG/T/23799,https://drive.google.com/file/d/1z6kjQW5KKBFN9yV3VJw4Uy9NmJFrTPc4/view?usp=drivesdk
BG/T/23797,https://drive.google.com/file/d/1z1zxsfVQ-0FkzSSyu6cvyJ44x8HIIeWT/view?usp=drivesdk
BG/T/23798,https://drive.google.com/file/d/1Of5ZlPje54W3rx4nuejQjJqQEZYHqn7w/view?usp=drivesdk
BG/T/23808,https://drive.google.com/file/d/1eUXR1MJOrXW20t4vvxM6oDYItUMoj_tl/view?usp=drivesdk
BG/T/23809,https://drive.google.com/file/d/1O_WckMjz3Aq9nPqF4nC4xQ7lfOznfoV0/view?usp=drivesdk
BG/T/23807,https://drive.google.com/file/d/1GdmdI0LX1WA7OyJKKmxxU1i3nxpS5yId/view?usp=drivesdk
BG/T/23806,https://drive.google.com/file/d/1FkbFInByskxvabOo1r1xq8LFmFfYWky2/view?usp=drivesdk
BG/T/23805,https://drive.google.com/file/d/1l6VwrGIacyZZttw7GiL1JyYum7hEzylS/view?usp=drivesdk
BG/T/23804,https://drive.google.com/file/d/1_UYIx8gWZdtrKmAN9BObSW3teqPhHxIO/view?usp=drivesdk
BG/T/23810,https://drive.google.com/file/d/1CyZBojcEPtq2aqGWv1JvwT_byl6_C_Fz/view?usp=drivesdk
BG/T/23811,https://drive.google.com/file/d/17-NHecnNu9BXZBP-jFVpturVJhn8UTi3/view?usp=drivesdk
BG/T/23812,https://drive.google.com/file/d/1B50OnRKluydiP6sL476l9DT_nciFTU-M/view?usp=drivesdk
BG/T/23717,https://drive.google.com/file/d/1BsY1n8sAvU68VfeY6CX3PXTLqzbS9m6g/view?usp=drivesdk
BG/T/23813,https://drive.google.com/file/d/17qFTY6XPcB4sT21OQkhYrte-62b82gMp/view?usp=drivesdk
BG/T/23814,https://drive.google.com/file/d/1jBEMnnNqg6YoygLlw28W4zIeaKxqpfaG/view?usp=drivesdk
BG/T/23815,https://drive.google.com/file/d/1_jfo_6rW9QLZbHTXEq1gGRGmXHAC0WD9/view?usp=drivesdk
BG/MN/3361,https://drive.google.com/file/d/1hPs0ElUIdh76G0Ls-Gk7At-6XXXm1eLo/view?usp=drivesdk
BG/T/23816,https://drive.google.com/file/d/1l0_8X_irW3EzHmAqaGCpejU3fHpqkYY3/view?usp=drivesdk
BG/T/23819,https://drive.google.com/file/d/1YOIyQg5na8JUQfvPCFJkIEu2Qf_da7iJ/view?usp=drivesdk
BG/T/23820,https://drive.google.com/file/d/1y1slfr4dTTp6AGyQjN9oPerQKimF-JyH/view?usp=drivesdk
BG/T/23818,https://drive.google.com/file/d/1ojvUeij4ZSQkQ0c8aY9GD5QxBuG4Q370/view?usp=drivesdk
BG/T/23817,https://drive.google.com/file/d/1eIFxWWbGXTx84k6Y0mKYBY3oWDyelr5t/view?usp=drivesdk
BG/T/23821,https://drive.google.com/file/d/1VCExbnr8jqEqUS9hev7_Ww8hxxgxx0Vk/view?usp=drivesdk
BG/E/3361,https://drive.google.com/file/d/1RGGmvRxrWXOfoUC0WLlsYaJEINxXnm08/view?usp=drivesdk
BG/E/3332,https://drive.google.com/file/d/1-kxoAP-_gkn6TThaEuqJPNd6L0QxtNvl/view?usp=drivesdk
BG/T/23822,https://drive.google.com/file/d/1H5yxdReCg1vQxVRPP27TwTI-YaC2pp4u/view?usp=drivesdk
BG/T/23823,https://drive.google.com/file/d/1jge-Qx-I5XhNQO0L8Yx1k5P4ROexvk4J/view?usp=drivesdk
BG/T/23824,https://drive.google.com/file/d/14xa01pYv50jBaHb11tAEeGrydKHqs57n/view?usp=drivesdk
BG/T/23826,https://drive.google.com/file/d/1OJ33063a7YNyb1kTezyo7V2Wu9hikKG-/view?usp=drivesdk
BG/T/23828,https://drive.google.com/file/d/1O99pj9YzG0Cny-8NKCPvalqksGFacIi4/view?usp=drivesdk
BG/T/23827,https://drive.google.com/file/d/1miBt9jAbDhGw5feS1FBYZqe5gg7v3g3p/view?usp=drivesdk
BG/T/23829,https://drive.google.com/file/d/1_MhHVwgCEkkHZc0zYigk5QJzOhyr9c5k/view?usp=drivesdk
BG/T/23835,https://drive.google.com/file/d/16nuGFRVHyS-pamzXxap3N93IKX_XIeBu/view?usp=drivesdk
BG/T/23834,https://drive.google.com/file/d/10trJhzE6AcFhZ27g2506P3nmLDZ1gvWC/view?usp=drivesdk
BG/T/23833,https://drive.google.com/file/d/1y8Np0HlN-i-BWcGGcowrwVdM5FUkBYtk/view?usp=drivesdk
BG/T/23832,https://drive.google.com/file/d/1DnMJLBLy6KpMzgwAx9Udj_D0Xg52TA6r/view?usp=drivesdk
BG/T/23830,https://drive.google.com/file/d/1XjWZcvtz89ab4fgjhA9WuHuePcvvXmAL/view?usp=drivesdk
BG/T/23831,https://drive.google.com/file/d/19_04k_aZUwgCqVITa01rvsisAULPEBBe/view?usp=drivesdk
BG/T/23836,https://drive.google.com/file/d/1scSzG7CzseAas9ZcQln4JxgSIEvBq5ol/view?usp=drivesdk
BG/T/23837,https://drive.google.com/file/d/1DeZv17Uf5Io2kXHyx8gTHBLwQWySmuho/view?usp=drivesdk
BG/T/24838,https://drive.google.com/file/d/1jCugUwMDKIAZ5kGGIyan0whhnmbfd8-3/view?usp=drivesdk
BG/T/23846,https://drive.google.com/file/d/1_gC68ajO1W44JfXIGMCA5OswxoSDzFTo/view?usp=drivesdk
BG/T/23845,https://drive.google.com/file/d/1BWiEojQzVZg7pp38szkuFR0Tnsrflx-X/view?usp=drivesdk
BG/T/23847,https://drive.google.com/file/d/1CyEkvTZldOTqPyTjcEp3w_js08BvyQZ0/view?usp=drivesdk
BG/T/23844,https://drive.google.com/file/d/1Ko3l9Lq2LQB_AYkjwmOtgBky6q9zsuN2/view?usp=drivesdk
BG/T/23843,https://drive.google.com/file/d/1dGzYF_OvQt4QDFv0SOf5GgGQs5lw6opD/view?usp=drivesdk
BG/T/23842,https://drive.google.com/file/d/1dr126j9K-PPbVyIQ60dIagD-J2kMo6F2/view?usp=drivesdk
BG/T/23841,https://drive.google.com/file/d/1wryxdcHum-y9sK7r2cDnRySj54v6xWu-/view?usp=drivesdk
BG/T/23840,https://drive.google.com/file/d/1YtiHusBjX8hKKgESKXBbEOUN4mh95AgL/view?usp=drivesdk
BG/T/23839,https://drive.google.com/file/d/1tZAaKnMsYJnmTWbsB0HANDsFuEQgpQah/view?usp=drivesdk
BG/T/23838,https://drive.google.com/file/d/1jCugUwMDKIAZ5kGGIyan0whhnmbfd8-3/view?usp=drivesdk
BG/T/23848,https://drive.google.com/file/d/13KqLToOms8qXHqv1i_v_ohrmv2jtPbNC/view?usp=drivesdk
BG/T/23849,https://drive.google.com/file/d/19z76RMO8vyxlpZXNonPEJIbVsM-q7S1D/view?usp=drivesdk
BG/T/23850,https://drive.google.com/file/d/1-fKydKXljrUbeezjRthrkdjIwNT1kHTe/view?usp=drivesdk
